m,n,k,b,p,q,algo,lookahead,gflops
256,256,256,256,1,1,p2p,0,3355443.220393
256,256,256,256,1,1,bcast,0,3355443.220393
256,256,256,256,1,1,p2p-i-la,1,3355443.220393
512,512,512,256,1,1,p2p,0,26843545.763141
512,512,512,256,1,1,bcast,0,26843545.763141
512,512,512,256,1,1,p2p-i-la,1,26843545.763141
512,512,512,256,1,1,p2p-i-la,2,26843545.763141
1024,1024,1024,256,1,1,p2p,0,214748366.105127
1024,1024,1024,256,1,1,bcast,0,214748366.105127
1024,1024,1024,256,1,1,p2p-i-la,1,214748366.105127
1024,1024,1024,256,1,1,p2p-i-la,2,214748366.105127
1024,1024,1024,256,1,1,p2p-i-la,3,214748366.105127
1024,1024,1024,256,1,1,p2p-i-la,4,214748366.105127
1536,1536,1536,256,1,1,p2p,0,724775735.604803
1536,1536,1536,256,1,1,bcast,0,724775735.604803
1536,1536,1536,256,1,1,p2p-i-la,1,724775735.604803
1536,1536,1536,256,1,1,p2p-i-la,2,724775735.604803
1536,1536,1536,256,1,1,p2p-i-la,3,724775735.604803
1536,1536,1536,256,1,1,p2p-i-la,4,724775735.604803
1536,1536,1536,256,1,1,p2p-i-la,5,724775735.604803
1536,1536,1536,256,1,1,p2p-i-la,6,724775735.604803
2048,2048,2048,256,1,1,p2p,0,1717986928.841016
2048,2048,2048,256,1,1,bcast,0,1717986928.841016
2048,2048,2048,256,1,1,p2p-i-la,1,1717986928.841016
2048,2048,2048,256,1,1,p2p-i-la,2,1717986928.841016
2048,2048,2048,256,1,1,p2p-i-la,3,1717986928.841016
2048,2048,2048,256,1,1,p2p-i-la,4,1717986928.841016
2048,2048,2048,256,1,1,p2p-i-la,5,1717986928.841016
2048,2048,2048,256,1,1,p2p-i-la,6,1717986928.841016
2048,2048,2048,256,1,1,p2p-i-la,7,1717986928.841016
2048,2048,2048,256,1,1,p2p-i-la,8,1717986928.841016
3072,3072,3072,256,1,1,p2p,0,5798205884.838428
3072,3072,3072,256,1,1,bcast,0,5798205884.838428
3072,3072,3072,256,1,1,p2p-i-la,1,5798205884.838428
3072,3072,3072,256,1,1,p2p-i-la,2,5798205884.838428
3072,3072,3072,256,1,1,p2p-i-la,3,5798205884.838428
3072,3072,3072,256,1,1,p2p-i-la,4,5798205884.838428
3072,3072,3072,256,1,1,p2p-i-la,5,5798205884.838428
3072,3072,3072,256,1,1,p2p-i-la,6,5798205884.838428
3072,3072,3072,256,1,1,p2p-i-la,7,5798205884.838428
3072,3072,3072,256,1,1,p2p-i-la,8,5798205884.838428
3072,3072,3072,256,1,1,p2p-i-la,9,5798205884.838428
3072,3072,3072,256,1,1,p2p-i-la,10,5798205884.838428
3072,3072,3072,256,1,1,p2p-i-la,11,5798205884.838428
3072,3072,3072,256,1,1,p2p-i-la,12,5798205884.838428
256,256,256,256,1,2,p2p,0,85.845439
256,256,256,256,1,2,bcast,0,68.240671
256,256,256,256,1,2,p2p-i-la,1,85.845439
512,512,512,256,1,2,p2p,0,186.094082
512,512,512,256,1,2,bcast,0,173.935047
512,512,512,256,1,2,p2p-i-la,1,245.558325
512,512,512,256,1,2,p2p-i-la,2,245.558325
1024,1024,1024,256,1,2,p2p,0,380.161131
1024,1024,1024,256,1,2,bcast,0,373.493988
1024,1024,1024,256,1,2,p2p-i-la,1,534.362970
1024,1024,1024,256,1,2,p2p-i-la,2,534.362970
1024,1024,1024,256,1,2,p2p-i-la,3,550.307032
1024,1024,1024,256,1,2,p2p-i-la,4,550.307032
1536,1536,1536,256,1,2,p2p,0,572.512873
1536,1536,1536,256,1,2,bcast,0,567.988675
1536,1536,1536,256,1,2,p2p-i-la,1,822.005393
1536,1536,1536,256,1,2,p2p-i-la,2,833.005720
1536,1536,1536,256,1,2,p2p-i-la,3,833.005720
1536,1536,1536,256,1,2,p2p-i-la,4,833.005720
1536,1536,1536,256,1,2,p2p-i-la,5,844.304459
1536,1536,1536,256,1,2,p2p-i-la,6,844.304459
2048,2048,2048,256,1,2,p2p,0,764.416099
2048,2048,2048,256,1,2,bcast,0,761.001656
2048,2048,2048,256,1,2,p2p-i-la,1,1109.213101
2048,2048,2048,256,1,2,p2p-i-la,2,1117.614931
2048,2048,2048,256,1,2,p2p-i-la,3,1126.145014
2048,2048,2048,256,1,2,p2p-i-la,4,1126.145014
2048,2048,2048,256,1,2,p2p-i-la,5,1126.145014
2048,2048,2048,256,1,2,p2p-i-la,6,1126.145014
2048,2048,2048,256,1,2,p2p-i-la,7,1134.806308
2048,2048,2048,256,1,2,p2p-i-la,8,1134.806308
3072,3072,3072,256,1,2,p2p,0,1147.768534
3072,3072,3072,256,1,2,bcast,0,1145.482065
3072,3072,3072,256,1,2,p2p-i-la,1,1683.125662
3072,3072,3072,256,1,2,p2p-i-la,2,1694.580839
3072,3072,3072,256,1,2,p2p-i-la,3,1700.367191
3072,3072,3072,256,1,2,p2p-i-la,4,1700.367191
3072,3072,3072,256,1,2,p2p-i-la,5,1706.193009
3072,3072,3072,256,1,2,p2p-i-la,6,1706.193009
3072,3072,3072,256,1,2,p2p-i-la,7,1706.193009
3072,3072,3072,256,1,2,p2p-i-la,8,1706.193009
3072,3072,3072,256,1,2,p2p-i-la,9,1706.193009
3072,3072,3072,256,1,2,p2p-i-la,10,1706.193009
3072,3072,3072,256,1,2,p2p-i-la,11,1712.059073
3072,3072,3072,256,1,2,p2p-i-la,12,1712.059073
256,256,256,256,1,4,p2p,0,27.312876
256,256,256,256,1,4,bcast,0,27.562305
256,256,256,256,1,4,p2p-i-la,1,52.011784
512,512,512,256,1,4,p2p,0,56.720108
512,512,512,256,1,4,bcast,0,63.075873
512,512,512,256,1,4,p2p-i-la,1,130.962122
512,512,512,256,1,4,p2p-i-la,2,130.962122
1024,1024,1024,256,1,4,p2p,0,105.988257
1024,1024,1024,256,1,4,bcast,0,132.754475
1024,1024,1024,256,1,4,p2p-i-la,1,262.869214
1024,1024,1024,256,1,4,p2p-i-la,2,250.163334
1024,1024,1024,256,1,4,p2p-i-la,3,280.055469
1024,1024,1024,256,1,4,p2p-i-la,4,280.055469
1536,1536,1536,256,1,4,p2p,0,163.959898
1536,1536,1536,256,1,4,bcast,0,201.080693
1536,1536,1536,256,1,4,p2p-i-la,1,404.263155
1536,1536,1536,256,1,4,p2p-i-la,2,418.774614
1536,1536,1536,256,1,4,p2p-i-la,3,423.966341
1536,1536,1536,256,1,4,p2p-i-la,4,407.779137
1536,1536,1536,256,1,4,p2p-i-la,5,425.538229
1536,1536,1536,256,1,4,p2p-i-la,6,425.538229
2048,2048,2048,256,1,4,p2p,0,211.532014
2048,2048,2048,256,1,4,bcast,0,269.029160
2048,2048,2048,256,1,4,p2p-i-la,1,545.658597
2048,2048,2048,256,1,4,p2p-i-la,2,519.180011
2048,2048,2048,256,1,4,p2p-i-la,3,559.874233
2048,2048,2048,256,1,4,p2p-i-la,4,522.212827
2048,2048,2048,256,1,4,p2p-i-la,5,552.187587
2048,2048,2048,256,1,4,p2p-i-la,6,536.969780
2048,2048,2048,256,1,4,p2p-i-la,7,569.974795
2048,2048,2048,256,1,4,p2p-i-la,8,569.974795
3072,3072,3072,256,1,4,p2p,0,316.367414
3072,3072,3072,256,1,4,bcast,0,404.537016
3072,3072,3072,256,1,4,p2p-i-la,1,801.271388
3072,3072,3072,256,1,4,p2p-i-la,2,799.944920
3072,3072,3072,256,1,4,p2p-i-la,3,824.034110
3072,3072,3072,256,1,4,p2p-i-la,4,801.079044
3072,3072,3072,256,1,4,p2p-i-la,5,852.903995
3072,3072,3072,256,1,4,p2p-i-la,6,841.594866
3072,3072,3072,256,1,4,p2p-i-la,7,848.413375
3072,3072,3072,256,1,4,p2p-i-la,8,807.649115
3072,3072,3072,256,1,4,p2p-i-la,9,840.003790
3072,3072,3072,256,1,4,p2p-i-la,10,823.770860
3072,3072,3072,256,1,4,p2p-i-la,11,857.759479
3072,3072,3072,256,1,4,p2p-i-la,12,857.759479
256,256,256,256,1,5,p2p,0,19.790206
256,256,256,256,1,5,bcast,0,19.684344
256,256,256,256,1,5,p2p-i-la,1,38.162748
512,512,512,256,1,5,p2p,0,42.156192
512,512,512,256,1,5,bcast,0,52.701461
512,512,512,256,1,5,p2p-i-la,1,106.609569
512,512,512,256,1,5,p2p-i-la,2,106.609569
1024,1024,1024,256,1,5,p2p,0,78.870146
1024,1024,1024,256,1,5,bcast,0,94.009484
1024,1024,1024,256,1,5,p2p-i-la,1,213.022591
1024,1024,1024,256,1,5,p2p-i-la,2,192.947224
1024,1024,1024,256,1,5,p2p-i-la,3,225.082717
1024,1024,1024,256,1,5,p2p-i-la,4,225.082717
1536,1536,1536,256,1,5,p2p,0,117.740369
1536,1536,1536,256,1,5,bcast,0,143.760950
1536,1536,1536,256,1,5,p2p-i-la,1,330.827393
1536,1536,1536,256,1,5,p2p-i-la,2,341.462630
1536,1536,1536,256,1,5,p2p-i-la,3,333.123079
1536,1536,1536,256,1,5,p2p-i-la,4,341.139076
1536,1536,1536,256,1,5,p2p-i-la,5,341.139076
1536,1536,1536,256,1,5,p2p-i-la,6,341.139076
2048,2048,2048,256,1,5,p2p,0,155.830748
2048,2048,2048,256,1,5,bcast,0,190.374283
2048,2048,2048,256,1,5,p2p-i-la,1,441.549160
2048,2048,2048,256,1,5,p2p-i-la,2,433.980831
2048,2048,2048,256,1,5,p2p-i-la,3,456.515386
2048,2048,2048,256,1,5,p2p-i-la,4,455.829742
2048,2048,2048,256,1,5,p2p-i-la,5,434.873949
2048,2048,2048,256,1,5,p2p-i-la,6,456.515386
2048,2048,2048,256,1,5,p2p-i-la,7,456.515612
2048,2048,2048,256,1,5,p2p-i-la,8,456.515612
3072,3072,3072,256,1,5,p2p,0,234.024721
3072,3072,3072,256,1,5,bcast,0,290.358554
3072,3072,3072,256,1,5,p2p-i-la,1,687.591416
3072,3072,3072,256,1,5,p2p-i-la,2,707.579667
3072,3072,3072,256,1,5,p2p-i-la,3,707.343572
3072,3072,3072,256,1,5,p2p-i-la,4,709.879826
3072,3072,3072,256,1,5,p2p-i-la,5,709.879502
3072,3072,3072,256,1,5,p2p-i-la,6,710.203160
3072,3072,3072,256,1,5,p2p-i-la,7,710.167126
3072,3072,3072,256,1,5,p2p-i-la,8,710.365424
3072,3072,3072,256,1,5,p2p-i-la,9,710.190327
3072,3072,3072,256,1,5,p2p-i-la,10,710.190327
3072,3072,3072,256,1,5,p2p-i-la,11,710.190327
3072,3072,3072,256,1,5,p2p-i-la,12,710.190327
256,256,256,256,1,6,p2p,0,15.516667
256,256,256,256,1,6,bcast,0,16.794501
256,256,256,256,1,6,p2p-i-la,1,38.162748
512,512,512,256,1,6,p2p,0,31.698518
512,512,512,256,1,6,bcast,0,41.716419
512,512,512,256,1,6,p2p-i-la,1,89.893224
512,512,512,256,1,6,p2p-i-la,2,89.893224
1024,1024,1024,256,1,6,p2p,0,60.601399
1024,1024,1024,256,1,6,bcast,0,85.569385
1024,1024,1024,256,1,6,p2p-i-la,1,184.465980
1024,1024,1024,256,1,6,p2p-i-la,2,168.821744
1024,1024,1024,256,1,6,p2p-i-la,3,188.149972
1024,1024,1024,256,1,6,p2p-i-la,4,188.149972
1536,1536,1536,256,1,6,p2p,0,85.107625
1536,1536,1536,256,1,6,bcast,0,120.084085
1536,1536,1536,256,1,6,p2p-i-la,1,258.518054
1536,1536,1536,256,1,6,p2p-i-la,2,283.314100
1536,1536,1536,256,1,6,p2p-i-la,3,273.158713
1536,1536,1536,256,1,6,p2p-i-la,4,284.677371
1536,1536,1536,256,1,6,p2p-i-la,5,284.677725
1536,1536,1536,256,1,6,p2p-i-la,6,284.677725
2048,2048,2048,256,1,6,p2p,0,117.209201
2048,2048,2048,256,1,6,bcast,0,164.164378
2048,2048,2048,256,1,6,p2p-i-la,1,366.753665
2048,2048,2048,256,1,6,p2p-i-la,2,364.538028
2048,2048,2048,256,1,6,p2p-i-la,3,380.474365
2048,2048,2048,256,1,6,p2p-i-la,4,380.507107
2048,2048,2048,256,1,6,p2p-i-la,5,380.727756
2048,2048,2048,256,1,6,p2p-i-la,6,380.728165
2048,2048,2048,256,1,6,p2p-i-la,7,380.728039
2048,2048,2048,256,1,6,p2p-i-la,8,380.728039
3072,3072,3072,256,1,6,p2p,0,169.147179
3072,3072,3072,256,1,6,bcast,0,241.197177
3072,3072,3072,256,1,6,p2p-i-la,1,519.553586
3072,3072,3072,256,1,6,p2p-i-la,2,537.360195
3072,3072,3072,256,1,6,p2p-i-la,3,556.221142
3072,3072,3072,256,1,6,p2p-i-la,4,561.617088
3072,3072,3072,256,1,6,p2p-i-la,5,569.898519
3072,3072,3072,256,1,6,p2p-i-la,6,554.794744
3072,3072,3072,256,1,6,p2p-i-la,7,564.485588
3072,3072,3072,256,1,6,p2p-i-la,8,566.016367
3072,3072,3072,256,1,6,p2p-i-la,9,559.402217
3072,3072,3072,256,1,6,p2p-i-la,10,572.338768
3072,3072,3072,256,1,6,p2p-i-la,11,572.338937
3072,3072,3072,256,1,6,p2p-i-la,12,572.338937
256,256,256,256,1,12,p2p,0,6.027755
256,256,256,256,1,12,bcast,0,8.716448
256,256,256,256,1,12,p2p-i-la,1,18.277329
512,512,512,256,1,12,p2p,0,12.451323
512,512,512,256,1,12,bcast,0,24.383095
512,512,512,256,1,12,p2p-i-la,1,46.158126
512,512,512,256,1,12,p2p-i-la,2,46.158126
1024,1024,1024,256,1,12,p2p,0,23.967363
1024,1024,1024,256,1,12,bcast,0,50.483930
1024,1024,1024,256,1,12,p2p-i-la,1,94.725400
1024,1024,1024,256,1,12,p2p-i-la,2,89.769910
1024,1024,1024,256,1,12,p2p-i-la,3,94.725400
1024,1024,1024,256,1,12,p2p-i-la,4,94.725400
1536,1536,1536,256,1,12,p2p,0,34.739719
1536,1536,1536,256,1,12,bcast,0,72.428951
1536,1536,1536,256,1,12,p2p-i-la,1,136.449467
1536,1536,1536,256,1,12,p2p-i-la,2,142.190165
1536,1536,1536,256,1,12,p2p-i-la,3,140.769055
1536,1536,1536,256,1,12,p2p-i-la,4,142.778192
1536,1536,1536,256,1,12,p2p-i-la,5,142.778370
1536,1536,1536,256,1,12,p2p-i-la,6,142.778370
2048,2048,2048,256,1,12,p2p,0,44.305656
2048,2048,2048,256,1,12,bcast,0,95.255987
2048,2048,2048,256,1,12,p2p-i-la,1,164.961484
2048,2048,2048,256,1,12,p2p-i-la,2,188.372385
2048,2048,2048,256,1,12,p2p-i-la,3,187.266734
2048,2048,2048,256,1,12,p2p-i-la,4,188.221603
2048,2048,2048,256,1,12,p2p-i-la,5,190.695069
2048,2048,2048,256,1,12,p2p-i-la,6,188.164190
2048,2048,2048,256,1,12,p2p-i-la,7,190.695069
2048,2048,2048,256,1,12,p2p-i-la,8,190.695069
3072,3072,3072,256,1,12,p2p,0,62.022932
3072,3072,3072,256,1,12,bcast,0,135.777419
3072,3072,3072,256,1,12,p2p-i-la,1,227.629288
3072,3072,3072,256,1,12,p2p-i-la,2,281.465753
3072,3072,3072,256,1,12,p2p-i-la,3,286.883807
3072,3072,3072,256,1,12,p2p-i-la,4,292.447359
3072,3072,3072,256,1,12,p2p-i-la,5,291.937835
3072,3072,3072,256,1,12,p2p-i-la,6,289.974173
3072,3072,3072,256,1,12,p2p-i-la,7,294.383537
3072,3072,3072,256,1,12,p2p-i-la,8,294.565342
3072,3072,3072,256,1,12,p2p-i-la,9,293.151809
3072,3072,3072,256,1,12,p2p-i-la,10,294.565320
3072,3072,3072,256,1,12,p2p-i-la,11,294.565431
3072,3072,3072,256,1,12,p2p-i-la,12,294.565431
256,256,256,256,1,16,p2p,0,4.175092
256,256,256,256,1,16,bcast,0,6.659670
256,256,256,256,1,16,p2p-i-la,1,16.053900
512,512,512,256,1,16,p2p,0,8.429460
512,512,512,256,1,16,bcast,0,17.982588
512,512,512,256,1,16,p2p-i-la,1,34.823495
512,512,512,256,1,16,p2p-i-la,2,34.823495
1024,1024,1024,256,1,16,p2p,0,16.432593
1024,1024,1024,256,1,16,bcast,0,35.622544
1024,1024,1024,256,1,16,p2p-i-la,1,71.198750
1024,1024,1024,256,1,16,p2p-i-la,2,69.909392
1024,1024,1024,256,1,16,p2p-i-la,3,71.151418
1024,1024,1024,256,1,16,p2p-i-la,4,71.151418
1536,1536,1536,256,1,16,p2p,0,23.853961
1536,1536,1536,256,1,16,bcast,0,54.884105
1536,1536,1536,256,1,16,p2p-i-la,1,101.441172
1536,1536,1536,256,1,16,p2p-i-la,2,107.155861
1536,1536,1536,256,1,16,p2p-i-la,3,106.571478
1536,1536,1536,256,1,16,p2p-i-la,4,107.155755
1536,1536,1536,256,1,16,p2p-i-la,5,107.155909
1536,1536,1536,256,1,16,p2p-i-la,6,107.155909
2048,2048,2048,256,1,16,p2p,0,30.828440
2048,2048,2048,256,1,16,bcast,0,73.795085
2048,2048,2048,256,1,16,p2p-i-la,1,130.665450
2048,2048,2048,256,1,16,p2p-i-la,2,141.866960
2048,2048,2048,256,1,16,p2p-i-la,3,142.044963
2048,2048,2048,256,1,16,p2p-i-la,4,142.505429
2048,2048,2048,256,1,16,p2p-i-la,5,143.099566
2048,2048,2048,256,1,16,p2p-i-la,6,143.099548
2048,2048,2048,256,1,16,p2p-i-la,7,143.075610
2048,2048,2048,256,1,16,p2p-i-la,8,143.075610
3072,3072,3072,256,1,16,p2p,0,43.283122
3072,3072,3072,256,1,16,bcast,0,110.029425
3072,3072,3072,256,1,16,p2p-i-la,1,173.717918
3072,3072,3072,256,1,16,p2p-i-la,2,207.594848
3072,3072,3072,256,1,16,p2p-i-la,3,212.983823
3072,3072,3072,256,1,16,p2p-i-la,4,214.253240
3072,3072,3072,256,1,16,p2p-i-la,5,214.829477
3072,3072,3072,256,1,16,p2p-i-la,6,214.783657
3072,3072,3072,256,1,16,p2p-i-la,7,214.771328
3072,3072,3072,256,1,16,p2p-i-la,8,214.829477
3072,3072,3072,256,1,16,p2p-i-la,9,214.080620
3072,3072,3072,256,1,16,p2p-i-la,10,214.829430
3072,3072,3072,256,1,16,p2p-i-la,11,214.829525
3072,3072,3072,256,1,16,p2p-i-la,12,214.829525
256,256,256,256,2,1,p2p,0,85.845439
256,256,256,256,2,1,bcast,0,68.240671
256,256,256,256,2,1,p2p-i-la,1,85.845439
512,512,512,256,2,1,p2p,0,186.094082
512,512,512,256,2,1,bcast,0,173.935047
512,512,512,256,2,1,p2p-i-la,1,245.558325
512,512,512,256,2,1,p2p-i-la,2,245.558325
1024,1024,1024,256,2,1,p2p,0,380.161131
1024,1024,1024,256,2,1,bcast,0,373.493988
1024,1024,1024,256,2,1,p2p-i-la,1,534.362970
1024,1024,1024,256,2,1,p2p-i-la,2,534.362970
1024,1024,1024,256,2,1,p2p-i-la,3,550.307032
1024,1024,1024,256,2,1,p2p-i-la,4,550.307032
1536,1536,1536,256,2,1,p2p,0,572.512873
1536,1536,1536,256,2,1,bcast,0,567.988675
1536,1536,1536,256,2,1,p2p-i-la,1,822.005393
1536,1536,1536,256,2,1,p2p-i-la,2,833.005720
1536,1536,1536,256,2,1,p2p-i-la,3,833.005720
1536,1536,1536,256,2,1,p2p-i-la,4,833.005720
1536,1536,1536,256,2,1,p2p-i-la,5,844.304459
1536,1536,1536,256,2,1,p2p-i-la,6,844.304459
2048,2048,2048,256,2,1,p2p,0,764.416099
2048,2048,2048,256,2,1,bcast,0,761.001656
2048,2048,2048,256,2,1,p2p-i-la,1,1109.213101
2048,2048,2048,256,2,1,p2p-i-la,2,1117.614931
2048,2048,2048,256,2,1,p2p-i-la,3,1126.145014
2048,2048,2048,256,2,1,p2p-i-la,4,1126.145014
2048,2048,2048,256,2,1,p2p-i-la,5,1126.145014
2048,2048,2048,256,2,1,p2p-i-la,6,1126.145014
2048,2048,2048,256,2,1,p2p-i-la,7,1134.806308
2048,2048,2048,256,2,1,p2p-i-la,8,1134.806308
3072,3072,3072,256,2,1,p2p,0,1147.768534
3072,3072,3072,256,2,1,bcast,0,1145.482065
3072,3072,3072,256,2,1,p2p-i-la,1,1683.125662
3072,3072,3072,256,2,1,p2p-i-la,2,1694.580839
3072,3072,3072,256,2,1,p2p-i-la,3,1700.367191
3072,3072,3072,256,2,1,p2p-i-la,4,1700.367191
3072,3072,3072,256,2,1,p2p-i-la,5,1706.193009
3072,3072,3072,256,2,1,p2p-i-la,6,1706.193009
3072,3072,3072,256,2,1,p2p-i-la,7,1706.193009
3072,3072,3072,256,2,1,p2p-i-la,8,1706.193009
3072,3072,3072,256,2,1,p2p-i-la,9,1706.193009
3072,3072,3072,256,2,1,p2p-i-la,10,1706.193009
3072,3072,3072,256,2,1,p2p-i-la,11,1712.059073
3072,3072,3072,256,2,1,p2p-i-la,12,1712.059073
256,256,256,256,2,2,p2p,0,44.060662
256,256,256,256,2,2,bcast,0,28.810122
256,256,256,256,2,2,p2p-i-la,1,85.845439
512,512,512,256,2,2,p2p,0,137.677928
512,512,512,256,2,2,bcast,0,114.088234
512,512,512,256,2,2,p2p-i-la,1,236.825481
512,512,512,256,2,2,p2p-i-la,2,236.825481
1024,1024,1024,256,2,2,p2p,0,252.876724
1024,1024,1024,256,2,2,bcast,0,241.416262
1024,1024,1024,256,2,2,p2p-i-la,1,429.885811
1024,1024,1024,256,2,2,p2p-i-la,2,476.463411
1024,1024,1024,256,2,2,p2p-i-la,3,544.680613
1024,1024,1024,256,2,2,p2p-i-la,4,544.680613
1536,1536,1536,256,2,2,p2p,0,396.003448
1536,1536,1536,256,2,2,bcast,0,387.468722
1536,1536,1536,256,2,2,p2p-i-la,1,630.335887
1536,1536,1536,256,2,2,p2p-i-la,2,668.124172
1536,1536,1536,256,2,2,p2p-i-la,3,714.372606
1536,1536,1536,256,2,2,p2p-i-la,4,769.140847
1536,1536,1536,256,2,2,p2p-i-la,5,840.358365
1536,1536,1536,256,2,2,p2p-i-la,6,840.358365
2048,2048,2048,256,2,2,p2p,0,509.473293
2048,2048,2048,256,2,2,bcast,0,503.454391
2048,2048,2048,256,2,2,p2p-i-la,1,818.923757
2048,2048,2048,256,2,2,p2p-i-la,2,854.967873
2048,2048,2048,256,2,2,p2p-i-la,3,902.240430
2048,2048,2048,256,2,2,p2p-i-la,4,948.904440
2048,2048,2048,256,2,2,p2p-i-la,5,1000.658657
2048,2048,2048,256,2,2,p2p-i-la,6,1059.699355
2048,2048,2048,256,2,2,p2p-i-la,7,1131.792773
2048,2048,2048,256,2,2,p2p-i-la,8,1131.792773
3072,3072,3072,256,2,2,p2p,0,765.285251
3072,3072,3072,256,2,2,bcast,0,761.234832
3072,3072,3072,256,2,2,p2p-i-la,1,1198.798456
3072,3072,3072,256,2,2,p2p-i-la,2,1240.456772
3072,3072,3072,256,2,2,p2p-i-la,3,1279.777822
3072,3072,3072,256,2,2,p2p-i-la,4,1318.608803
3072,3072,3072,256,2,2,p2p-i-la,5,1365.854474
3072,3072,3072,256,2,2,p2p-i-la,6,1412.593171
3072,3072,3072,256,2,2,p2p-i-la,7,1462.643944
3072,3072,3072,256,2,2,p2p-i-la,8,1516.371784
3072,3072,3072,256,2,2,p2p-i-la,9,1574.197357
3072,3072,3072,256,2,2,p2p-i-la,10,1637.539232
3072,3072,3072,256,2,2,p2p-i-la,11,1710.023649
3072,3072,3072,256,2,2,p2p-i-la,12,1710.023649
256,256,256,256,2,4,p2p,0,19.558000
256,256,256,256,2,4,bcast,0,17.897559
256,256,256,256,2,4,p2p-i-la,1,38.162748
512,512,512,256,2,4,p2p,0,47.402511
512,512,512,256,2,4,bcast,0,45.353710
512,512,512,256,2,4,p2p-i-la,1,89.290312
512,512,512,256,2,4,p2p-i-la,2,89.290312
1024,1024,1024,256,2,4,p2p,0,108.162825
1024,1024,1024,256,2,4,bcast,0,114.613193
1024,1024,1024,256,2,4,p2p-i-la,1,225.031887
1024,1024,1024,256,2,4,p2p-i-la,2,225.081157
1024,1024,1024,256,2,4,p2p-i-la,3,224.608042
1024,1024,1024,256,2,4,p2p-i-la,4,224.608042
1536,1536,1536,256,2,4,p2p,0,158.808685
1536,1536,1536,256,2,4,bcast,0,170.185948
1536,1536,1536,256,2,4,p2p-i-la,1,314.079338
1536,1536,1536,256,2,4,p2p-i-la,2,319.216955
1536,1536,1536,256,2,4,p2p-i-la,3,319.699407
1536,1536,1536,256,2,4,p2p-i-la,4,312.409933
1536,1536,1536,256,2,4,p2p-i-la,5,319.699854
1536,1536,1536,256,2,4,p2p-i-la,6,319.699854
2048,2048,2048,256,2,4,p2p,0,215.720228
2048,2048,2048,256,2,4,bcast,0,240.416118
2048,2048,2048,256,2,4,p2p-i-la,1,438.469434
2048,2048,2048,256,2,4,p2p-i-la,2,453.368621
2048,2048,2048,256,2,4,p2p-i-la,3,455.929831
2048,2048,2048,256,2,4,p2p-i-la,4,450.667068
2048,2048,2048,256,2,4,p2p-i-la,5,456.514799
2048,2048,2048,256,2,4,p2p-i-la,6,456.514799
2048,2048,2048,256,2,4,p2p-i-la,7,456.271124
2048,2048,2048,256,2,4,p2p-i-la,8,456.271124
3072,3072,3072,256,2,4,p2p,0,318.928130
3072,3072,3072,256,2,4,bcast,0,365.465843
3072,3072,3072,256,2,4,p2p-i-la,1,658.504735
3072,3072,3072,256,2,4,p2p-i-la,2,681.820983
3072,3072,3072,256,2,4,p2p-i-la,3,685.765530
3072,3072,3072,256,2,4,p2p-i-la,4,669.611269
3072,3072,3072,256,2,4,p2p-i-la,5,686.243012
3072,3072,3072,256,2,4,p2p-i-la,6,686.254328
3072,3072,3072,256,2,4,p2p-i-la,7,686.272725
3072,3072,3072,256,2,4,p2p-i-la,8,680.743257
3072,3072,3072,256,2,4,p2p-i-la,9,686.566367
3072,3072,3072,256,2,4,p2p-i-la,10,686.566367
3072,3072,3072,256,2,4,p2p-i-la,11,686.402986
3072,3072,3072,256,2,4,p2p-i-la,12,686.402986
256,256,256,256,2,5,p2p,0,15.373323
256,256,256,256,2,5,bcast,0,13.967161
256,256,256,256,2,5,p2p-i-la,1,38.162748
512,512,512,256,2,5,p2p,0,36.110040
512,512,512,256,2,5,bcast,0,38.337113
512,512,512,256,2,5,p2p-i-la,1,82.839288
512,512,512,256,2,5,p2p-i-la,2,82.839288
1024,1024,1024,256,2,5,p2p,0,82.476388
1024,1024,1024,256,2,5,bcast,0,93.602655
1024,1024,1024,256,2,5,p2p-i-la,1,171.845934
1024,1024,1024,256,2,5,p2p-i-la,2,173.126869
1024,1024,1024,256,2,5,p2p-i-la,3,187.817917
1024,1024,1024,256,2,5,p2p-i-la,4,187.817917
1536,1536,1536,256,2,5,p2p,0,120.319286
1536,1536,1536,256,2,5,bcast,0,140.812804
1536,1536,1536,256,2,5,p2p-i-la,1,277.441103
1536,1536,1536,256,2,5,p2p-i-la,2,294.325843
1536,1536,1536,256,2,5,p2p-i-la,3,288.300572
1536,1536,1536,256,2,5,p2p-i-la,4,296.165145
1536,1536,1536,256,2,5,p2p-i-la,5,301.047344
1536,1536,1536,256,2,5,p2p-i-la,6,301.047344
2048,2048,2048,256,2,5,p2p,0,158.059666
2048,2048,2048,256,2,5,bcast,0,188.971679
2048,2048,2048,256,2,5,p2p-i-la,1,349.759525
2048,2048,2048,256,2,5,p2p-i-la,2,363.355714
2048,2048,2048,256,2,5,p2p-i-la,3,358.077541
2048,2048,2048,256,2,5,p2p-i-la,4,369.074362
2048,2048,2048,256,2,5,p2p-i-la,5,372.824304
2048,2048,2048,256,2,5,p2p-i-la,6,364.473291
2048,2048,2048,256,2,5,p2p-i-la,7,380.557566
2048,2048,2048,256,2,5,p2p-i-la,8,380.557566
3072,3072,3072,256,2,5,p2p,0,237.101436
3072,3072,3072,256,2,5,bcast,0,288.323857
3072,3072,3072,256,2,5,p2p-i-la,1,547.399823
3072,3072,3072,256,2,5,p2p-i-la,2,557.366132
3072,3072,3072,256,2,5,p2p-i-la,3,562.565835
3072,3072,3072,256,2,5,p2p-i-la,4,584.312133
3072,3072,3072,256,2,5,p2p-i-la,5,580.268387
3072,3072,3072,256,2,5,p2p-i-la,6,584.375578
3072,3072,3072,256,2,5,p2p-i-la,7,588.541326
3072,3072,3072,256,2,5,p2p-i-la,8,584.375578
3072,3072,3072,256,2,5,p2p-i-la,9,597.053389
3072,3072,3072,256,2,5,p2p-i-la,10,595.674065
3072,3072,3072,256,2,5,p2p-i-la,11,597.053618
3072,3072,3072,256,2,5,p2p-i-la,12,597.053618
256,256,256,256,2,6,p2p,0,12.663835
256,256,256,256,2,6,bcast,0,12.540282
256,256,256,256,2,6,p2p-i-la,1,38.162748
512,512,512,256,2,6,p2p,0,29.515328
512,512,512,256,2,6,bcast,0,34.620344
512,512,512,256,2,6,p2p-i-la,1,89.249827
512,512,512,256,2,6,p2p-i-la,2,89.249827
1024,1024,1024,256,2,6,p2p,0,66.209880
1024,1024,1024,256,2,6,bcast,0,84.041270
1024,1024,1024,256,2,6,p2p-i-la,1,161.384138
1024,1024,1024,256,2,6,p2p-i-la,2,171.316030
1024,1024,1024,256,2,6,p2p-i-la,3,173.317679
1024,1024,1024,256,2,6,p2p-i-la,4,173.317679
1536,1536,1536,256,2,6,p2p,0,98.411930
1536,1536,1536,256,2,6,bcast,0,128.572378
1536,1536,1536,256,2,6,p2p-i-la,1,259.579578
1536,1536,1536,256,2,6,p2p-i-la,2,279.318943
1536,1536,1536,256,2,6,p2p-i-la,3,278.561446
1536,1536,1536,256,2,6,p2p-i-la,4,283.790774
1536,1536,1536,256,2,6,p2p-i-la,5,284.443693
1536,1536,1536,256,2,6,p2p-i-la,6,284.443693
2048,2048,2048,256,2,6,p2p,0,129.738318
2048,2048,2048,256,2,6,bcast,0,172.459525
2048,2048,2048,256,2,6,p2p-i-la,1,335.045243
2048,2048,2048,256,2,6,p2p-i-la,2,362.517880
2048,2048,2048,256,2,6,p2p-i-la,3,366.824321
2048,2048,2048,256,2,6,p2p-i-la,4,366.915876
2048,2048,2048,256,2,6,p2p-i-la,5,375.984899
2048,2048,2048,256,2,6,p2p-i-la,6,361.756901
2048,2048,2048,256,2,6,p2p-i-la,7,380.557284
2048,2048,2048,256,2,6,p2p-i-la,8,380.557284
3072,3072,3072,256,2,6,p2p,0,191.432286
3072,3072,3072,256,2,6,bcast,0,263.512673
3072,3072,3072,256,2,6,p2p-i-la,1,477.389842
3072,3072,3072,256,2,6,p2p-i-la,2,534.183199
3072,3072,3072,256,2,6,p2p-i-la,3,537.821727
3072,3072,3072,256,2,6,p2p-i-la,4,545.630296
3072,3072,3072,256,2,6,p2p-i-la,5,551.569914
3072,3072,3072,256,2,6,p2p-i-la,6,546.813228
3072,3072,3072,256,2,6,p2p-i-la,7,554.600377
3072,3072,3072,256,2,6,p2p-i-la,8,566.526933
3072,3072,3072,256,2,6,p2p-i-la,9,565.636399
3072,3072,3072,256,2,6,p2p-i-la,10,571.920382
3072,3072,3072,256,2,6,p2p-i-la,11,572.220598
3072,3072,3072,256,2,6,p2p-i-la,12,572.220598
256,256,256,256,2,12,p2p,0,5.438078
256,256,256,256,2,12,bcast,0,7.338130
256,256,256,256,2,12,p2p-i-la,1,18.276012
512,512,512,256,2,12,p2p,0,11.584143
512,512,512,256,2,12,bcast,0,21.755359
512,512,512,256,2,12,p2p-i-la,1,37.074445
512,512,512,256,2,12,p2p-i-la,2,37.074445
1024,1024,1024,256,2,12,p2p,0,24.652504
1024,1024,1024,256,2,12,bcast,0,51.407787
1024,1024,1024,256,2,12,p2p-i-la,1,81.472448
1024,1024,1024,256,2,12,p2p-i-la,2,73.598329
1024,1024,1024,256,2,12,p2p-i-la,3,84.215237
1024,1024,1024,256,2,12,p2p-i-la,4,84.215237
1536,1536,1536,256,2,12,p2p,0,38.889267
1536,1536,1536,256,2,12,bcast,0,81.952178
1536,1536,1536,256,2,12,p2p-i-la,1,125.317103
1536,1536,1536,256,2,12,p2p-i-la,2,120.104753
1536,1536,1536,256,2,12,p2p-i-la,3,124.681467
1536,1536,1536,256,2,12,p2p-i-la,4,125.126379
1536,1536,1536,256,2,12,p2p-i-la,5,135.239979
1536,1536,1536,256,2,12,p2p-i-la,6,135.239979
2048,2048,2048,256,2,12,p2p,0,52.351834
2048,2048,2048,256,2,12,bcast,0,113.372493
2048,2048,2048,256,2,12,p2p-i-la,1,165.967065
2048,2048,2048,256,2,12,p2p-i-la,2,163.812599
2048,2048,2048,256,2,12,p2p-i-la,3,172.035264
2048,2048,2048,256,2,12,p2p-i-la,4,175.492835
2048,2048,2048,256,2,12,p2p-i-la,5,178.315361
2048,2048,2048,256,2,12,p2p-i-la,6,176.543099
2048,2048,2048,256,2,12,p2p-i-la,7,186.770364
2048,2048,2048,256,2,12,p2p-i-la,8,186.770364
3072,3072,3072,256,2,12,p2p,0,76.641759
3072,3072,3072,256,2,12,bcast,0,168.685258
3072,3072,3072,256,2,12,p2p-i-la,1,241.586756
3072,3072,3072,256,2,12,p2p-i-la,2,251.366607
3072,3072,3072,256,2,12,p2p-i-la,3,272.037077
3072,3072,3072,256,2,12,p2p-i-la,4,284.852365
3072,3072,3072,256,2,12,p2p-i-la,5,284.625645
3072,3072,3072,256,2,12,p2p-i-la,6,281.044465
3072,3072,3072,256,2,12,p2p-i-la,7,285.286201
3072,3072,3072,256,2,12,p2p-i-la,8,290.294174
3072,3072,3072,256,2,12,p2p-i-la,9,293.828838
3072,3072,3072,256,2,12,p2p-i-la,10,294.534974
3072,3072,3072,256,2,12,p2p-i-la,11,294.534929
3072,3072,3072,256,2,12,p2p-i-la,12,294.534929
256,256,256,256,2,16,p2p,0,3.831814
256,256,256,256,2,16,bcast,0,5.820774
256,256,256,256,2,16,p2p-i-la,1,14.436105
512,512,512,256,2,16,p2p,0,8.177263
512,512,512,256,2,16,bcast,0,20.242782
512,512,512,256,2,16,p2p-i-la,1,30.988835
512,512,512,256,2,16,p2p-i-la,2,30.988835
1024,1024,1024,256,2,16,p2p,0,16.957892
1024,1024,1024,256,2,16,bcast,0,49.817973
1024,1024,1024,256,2,16,p2p-i-la,1,58.895899
1024,1024,1024,256,2,16,p2p-i-la,2,56.976482
1024,1024,1024,256,2,16,p2p-i-la,3,63.258579
1024,1024,1024,256,2,16,p2p-i-la,4,63.258579
1536,1536,1536,256,2,16,p2p,0,25.836986
1536,1536,1536,256,2,16,bcast,0,75.217079
1536,1536,1536,256,2,16,p2p-i-la,1,98.395286
1536,1536,1536,256,2,16,p2p-i-la,2,92.679213
1536,1536,1536,256,2,16,p2p-i-la,3,99.464041
1536,1536,1536,256,2,16,p2p-i-la,4,100.272986
1536,1536,1536,256,2,16,p2p-i-la,5,100.871219
1536,1536,1536,256,2,16,p2p-i-la,6,100.871219
2048,2048,2048,256,2,16,p2p,0,34.889451
2048,2048,2048,256,2,16,bcast,0,97.436395
2048,2048,2048,256,2,16,p2p-i-la,1,129.726902
2048,2048,2048,256,2,16,p2p-i-la,2,131.428959
2048,2048,2048,256,2,16,p2p-i-la,3,131.643181
2048,2048,2048,256,2,16,p2p-i-la,4,132.540280
2048,2048,2048,256,2,16,p2p-i-la,5,132.704355
2048,2048,2048,256,2,16,p2p-i-la,6,127.061334
2048,2048,2048,256,2,16,p2p-i-la,7,132.704355
2048,2048,2048,256,2,16,p2p-i-la,8,132.704355
3072,3072,3072,256,2,16,p2p,0,52.378716
3072,3072,3072,256,2,16,bcast,0,150.795636
3072,3072,3072,256,2,16,p2p-i-la,1,188.924661
3072,3072,3072,256,2,16,p2p-i-la,2,196.328488
3072,3072,3072,256,2,16,p2p-i-la,3,196.209194
3072,3072,3072,256,2,16,p2p-i-la,4,197.691584
3072,3072,3072,256,2,16,p2p-i-la,5,198.302085
3072,3072,3072,256,2,16,p2p-i-la,6,198.206931
3072,3072,3072,256,2,16,p2p-i-la,7,198.294505
3072,3072,3072,256,2,16,p2p-i-la,8,198.302529
3072,3072,3072,256,2,16,p2p-i-la,9,198.120242
3072,3072,3072,256,2,16,p2p-i-la,10,193.800650
3072,3072,3072,256,2,16,p2p-i-la,11,198.302630
3072,3072,3072,256,2,16,p2p-i-la,12,198.302630
256,256,256,256,3,1,p2p,0,45.257951
256,256,256,256,3,1,bcast,0,39.839464
256,256,256,256,3,1,p2p-i-la,1,85.845439
512,512,512,256,3,1,p2p,0,87.225768
512,512,512,256,3,1,bcast,0,84.458393
512,512,512,256,3,1,p2p-i-la,1,171.922375
512,512,512,256,3,1,p2p-i-la,2,171.922375
1024,1024,1024,256,3,1,p2p,0,176.183463
1024,1024,1024,256,3,1,bcast,0,174.737882
1024,1024,1024,256,3,1,p2p-i-la,1,366.919116
1024,1024,1024,256,3,1,p2p-i-la,2,443.811532
1024,1024,1024,256,3,1,p2p-i-la,3,443.811532
1024,1024,1024,256,3,1,p2p-i-la,4,443.811532
1536,1536,1536,256,3,1,p2p,0,258.173219
1536,1536,1536,256,3,1,bcast,0,257.249206
1536,1536,1536,256,3,1,p2p-i-la,1,557.857486
1536,1536,1536,256,3,1,p2p-i-la,2,566.317132
1536,1536,1536,256,3,1,p2p-i-la,3,566.316390
1536,1536,1536,256,3,1,p2p-i-la,4,631.438718
1536,1536,1536,256,3,1,p2p-i-la,5,636.132736
1536,1536,1536,256,3,1,p2p-i-la,6,636.132736
2048,2048,2048,256,3,1,p2p,0,346.605189
2048,2048,2048,256,3,1,bcast,0,345.901495
2048,2048,2048,256,3,1,p2p-i-la,1,750.151605
2048,2048,2048,256,3,1,p2p-i-la,2,813.953873
2048,2048,2048,256,3,1,p2p-i-la,3,827.651178
2048,2048,2048,256,3,1,p2p-i-la,4,825.797659
2048,2048,2048,256,3,1,p2p-i-la,5,820.745345
2048,2048,2048,256,3,1,p2p-i-la,6,827.650509
2048,2048,2048,256,3,1,p2p-i-la,7,827.651178
2048,2048,2048,256,3,1,p2p-i-la,8,827.651178
3072,3072,3072,256,3,1,p2p,0,516.903478
3072,3072,3072,256,3,1,bcast,0,516.439229
3072,3072,3072,256,3,1,p2p-i-la,1,1133.738399
3072,3072,3072,256,3,1,p2p-i-la,2,1201.401063
3072,3072,3072,256,3,1,p2p-i-la,3,1146.822279
3072,3072,3072,256,3,1,p2p-i-la,4,1207.811341
3072,3072,3072,256,3,1,p2p-i-la,5,1208.691234
3072,3072,3072,256,3,1,p2p-i-la,6,1210.159917
3072,3072,3072,256,3,1,p2p-i-la,7,1209.320260
3072,3072,3072,256,3,1,p2p-i-la,8,1208.202497
3072,3072,3072,256,3,1,p2p-i-la,9,1210.159447
3072,3072,3072,256,3,1,p2p-i-la,10,1283.227031
3072,3072,3072,256,3,1,p2p-i-la,11,1285.532038
3072,3072,3072,256,3,1,p2p-i-la,12,1285.532038
256,256,256,256,3,2,p2p,0,27.312508
256,256,256,256,3,2,bcast,0,18.927559
256,256,256,256,3,2,p2p-i-la,1,52.011784
512,512,512,256,3,2,p2p,0,77.395592
512,512,512,256,3,2,bcast,0,69.595803
512,512,512,256,3,2,p2p-i-la,1,130.958953
512,512,512,256,3,2,p2p-i-la,2,130.958953
1024,1024,1024,256,3,2,p2p,0,159.630085
1024,1024,1024,256,3,2,bcast,0,143.321946
1024,1024,1024,256,3,2,p2p-i-la,1,243.261048
1024,1024,1024,256,3,2,p2p-i-la,2,246.582341
1024,1024,1024,256,3,2,p2p-i-la,3,249.577525
1024,1024,1024,256,3,2,p2p-i-la,4,249.577525
1536,1536,1536,256,3,2,p2p,0,220.586122
1536,1536,1536,256,3,2,bcast,0,214.924667
1536,1536,1536,256,3,2,p2p-i-la,1,351.233623
1536,1536,1536,256,3,2,p2p-i-la,2,363.198468
1536,1536,1536,256,3,2,p2p-i-la,3,365.288842
1536,1536,1536,256,3,2,p2p-i-la,4,365.288225
1536,1536,1536,256,3,2,p2p-i-la,5,365.288808
1536,1536,1536,256,3,2,p2p-i-la,6,365.288808
2048,2048,2048,256,3,2,p2p,0,311.807211
2048,2048,2048,256,3,2,bcast,0,300.954370
2048,2048,2048,256,3,2,p2p-i-la,1,473.899777
2048,2048,2048,256,3,2,p2p-i-la,2,480.423845
2048,2048,2048,256,3,2,p2p-i-la,3,500.065496
2048,2048,2048,256,3,2,p2p-i-la,4,496.504959
2048,2048,2048,256,3,2,p2p-i-la,5,497.546516
2048,2048,2048,256,3,2,p2p-i-la,6,506.974453
2048,2048,2048,256,3,2,p2p-i-la,7,506.974676
2048,2048,2048,256,3,2,p2p-i-la,8,506.974676
3072,3072,3072,256,3,2,p2p,0,449.338290
3072,3072,3072,256,3,2,bcast,0,439.077352
3072,3072,3072,256,3,2,p2p-i-la,1,684.773629
3072,3072,3072,256,3,2,p2p-i-la,2,708.291864
3072,3072,3072,256,3,2,p2p-i-la,3,734.520887
3072,3072,3072,256,3,2,p2p-i-la,4,714.784400
3072,3072,3072,256,3,2,p2p-i-la,5,734.609568
3072,3072,3072,256,3,2,p2p-i-la,6,735.497273
3072,3072,3072,256,3,2,p2p-i-la,7,733.233105
3072,3072,3072,256,3,2,p2p-i-la,8,735.497343
3072,3072,3072,256,3,2,p2p-i-la,9,735.497343
3072,3072,3072,256,3,2,p2p-i-la,10,735.496995
3072,3072,3072,256,3,2,p2p-i-la,11,735.497273
3072,3072,3072,256,3,2,p2p-i-la,12,735.497273
256,256,256,256,3,4,p2p,0,14.594642
256,256,256,256,3,4,bcast,0,12.338347
256,256,256,256,3,4,p2p-i-la,1,29.602322
512,512,512,256,3,4,p2p,0,39.160182
512,512,512,256,3,4,bcast,0,37.827906
512,512,512,256,3,4,p2p-i-la,1,77.257595
512,512,512,256,3,4,p2p-i-la,2,77.257595
1024,1024,1024,256,3,4,p2p,0,122.167739
1024,1024,1024,256,3,4,bcast,0,115.928109
1024,1024,1024,256,3,4,p2p-i-la,1,176.948557
1024,1024,1024,256,3,4,p2p-i-la,2,176.948557
1024,1024,1024,256,3,4,p2p-i-la,3,176.948761
1024,1024,1024,256,3,4,p2p-i-la,4,176.948761
1536,1536,1536,256,3,4,p2p,0,159.029388
1536,1536,1536,256,3,4,bcast,0,158.339339
1536,1536,1536,256,3,4,p2p-i-la,1,273.024566
1536,1536,1536,256,3,4,p2p-i-la,2,274.368217
1536,1536,1536,256,3,4,p2p-i-la,3,274.368217
1536,1536,1536,256,3,4,p2p-i-la,4,274.368217
1536,1536,1536,256,3,4,p2p-i-la,5,274.368371
1536,1536,1536,256,3,4,p2p-i-la,6,274.368371
2048,2048,2048,256,3,4,p2p,0,219.941151
2048,2048,2048,256,3,4,bcast,0,227.827857
2048,2048,2048,256,3,4,p2p-i-la,1,354.093220
2048,2048,2048,256,3,4,p2p-i-la,2,358.105485
2048,2048,2048,256,3,4,p2p-i-la,3,358.263613
2048,2048,2048,256,3,4,p2p-i-la,4,357.956971
2048,2048,2048,256,3,4,p2p-i-la,5,358.263502
2048,2048,2048,256,3,4,p2p-i-la,6,358.263502
2048,2048,2048,256,3,4,p2p-i-la,7,358.263613
2048,2048,2048,256,3,4,p2p-i-la,8,358.263613
3072,3072,3072,256,3,4,p2p,0,311.410256
3072,3072,3072,256,3,4,bcast,0,332.875261
3072,3072,3072,256,3,4,p2p-i-la,1,531.629137
3072,3072,3072,256,3,4,p2p-i-la,2,532.820430
3072,3072,3072,256,3,4,p2p-i-la,3,541.651009
3072,3072,3072,256,3,4,p2p-i-la,4,541.971757
3072,3072,3072,256,3,4,p2p-i-la,5,542.163037
3072,3072,3072,256,3,4,p2p-i-la,6,542.163037
3072,3072,3072,256,3,4,p2p-i-la,7,542.163037
3072,3072,3072,256,3,4,p2p-i-la,8,542.163037
3072,3072,3072,256,3,4,p2p-i-la,9,542.162961
3072,3072,3072,256,3,4,p2p-i-la,10,542.162886
3072,3072,3072,256,3,4,p2p-i-la,11,542.163037
3072,3072,3072,256,3,4,p2p-i-la,12,542.163037
256,256,256,256,3,5,p2p,0,12.130758
256,256,256,256,3,5,bcast,0,10.397979
256,256,256,256,3,5,p2p-i-la,1,29.602322
512,512,512,256,3,5,p2p,0,31.865822
512,512,512,256,3,5,bcast,0,33.545894
512,512,512,256,3,5,p2p-i-la,1,68.083082
512,512,512,256,3,5,p2p-i-la,2,68.083082
1024,1024,1024,256,3,5,p2p,0,99.514203
1024,1024,1024,256,3,5,bcast,0,98.215349
1024,1024,1024,256,3,5,p2p-i-la,1,155.749280
1024,1024,1024,256,3,5,p2p-i-la,2,153.687191
1024,1024,1024,256,3,5,p2p-i-la,3,155.898641
1024,1024,1024,256,3,5,p2p-i-la,4,155.898641
1536,1536,1536,256,3,5,p2p,0,132.185379
1536,1536,1536,256,3,5,bcast,0,136.855491
1536,1536,1536,256,3,5,p2p-i-la,1,230.511466
1536,1536,1536,256,3,5,p2p-i-la,2,233.061032
1536,1536,1536,256,3,5,p2p-i-la,3,229.604112
1536,1536,1536,256,3,5,p2p-i-la,4,232.285761
1536,1536,1536,256,3,5,p2p-i-la,5,233.061283
1536,1536,1536,256,3,5,p2p-i-la,6,233.061283
2048,2048,2048,256,3,5,p2p,0,170.481947
2048,2048,2048,256,3,5,bcast,0,190.813959
2048,2048,2048,256,3,5,p2p-i-la,1,304.836053
2048,2048,2048,256,3,5,p2p-i-la,2,305.982506
2048,2048,2048,256,3,5,p2p-i-la,3,308.419683
2048,2048,2048,256,3,5,p2p-i-la,4,311.523263
2048,2048,2048,256,3,5,p2p-i-la,5,312.963044
2048,2048,2048,256,3,5,p2p-i-la,6,314.451033
2048,2048,2048,256,3,5,p2p-i-la,7,315.181529
2048,2048,2048,256,3,5,p2p-i-la,8,315.181529
3072,3072,3072,256,3,5,p2p,0,262.238235
3072,3072,3072,256,3,5,bcast,0,290.638173
3072,3072,3072,256,3,5,p2p-i-la,1,474.724801
3072,3072,3072,256,3,5,p2p-i-la,2,474.982326
3072,3072,3072,256,3,5,p2p-i-la,3,475.138867
3072,3072,3072,256,3,5,p2p-i-la,4,479.807333
3072,3072,3072,256,3,5,p2p-i-la,5,482.961484
3072,3072,3072,256,3,5,p2p-i-la,6,482.961424
3072,3072,3072,256,3,5,p2p-i-la,7,482.961364
3072,3072,3072,256,3,5,p2p-i-la,8,482.961304
3072,3072,3072,256,3,5,p2p-i-la,9,482.961304
3072,3072,3072,256,3,5,p2p-i-la,10,481.943703
3072,3072,3072,256,3,5,p2p-i-la,11,482.961484
3072,3072,3072,256,3,5,p2p-i-la,12,482.961484
256,256,256,256,3,6,p2p,0,10.314404
256,256,256,256,3,6,bcast,0,9.628197
256,256,256,256,3,6,p2p-i-la,1,29.602322
512,512,512,256,3,6,p2p,0,26.394742
512,512,512,256,3,6,bcast,0,29.326575
512,512,512,256,3,6,p2p-i-la,1,72.379961
512,512,512,256,3,6,p2p-i-la,2,72.379961
1024,1024,1024,256,3,6,p2p,0,81.744136
1024,1024,1024,256,3,6,bcast,0,98.190540
1024,1024,1024,256,3,6,p2p-i-la,1,149.392990
1024,1024,1024,256,3,6,p2p-i-la,2,149.345540
1024,1024,1024,256,3,6,p2p-i-la,3,155.670397
1024,1024,1024,256,3,6,p2p-i-la,4,155.670397
1536,1536,1536,256,3,6,p2p,0,109.365223
1536,1536,1536,256,3,6,bcast,0,135.375986
1536,1536,1536,256,3,6,p2p-i-la,1,218.973724
1536,1536,1536,256,3,6,p2p-i-la,2,232.396942
1536,1536,1536,256,3,6,p2p-i-la,3,232.840209
1536,1536,1536,256,3,6,p2p-i-la,4,230.028334
1536,1536,1536,256,3,6,p2p-i-la,5,232.909643
1536,1536,1536,256,3,6,p2p-i-la,6,232.909643
2048,2048,2048,256,3,6,p2p,0,147.841088
2048,2048,2048,256,3,6,bcast,0,183.091748
2048,2048,2048,256,3,6,p2p-i-la,1,290.785508
2048,2048,2048,256,3,6,p2p-i-la,2,302.926157
2048,2048,2048,256,3,6,p2p-i-la,3,306.542864
2048,2048,2048,256,3,6,p2p-i-la,4,308.443508
2048,2048,2048,256,3,6,p2p-i-la,5,307.744965
2048,2048,2048,256,3,6,p2p-i-la,6,297.050205
2048,2048,2048,256,3,6,p2p-i-la,7,308.443611
2048,2048,2048,256,3,6,p2p-i-la,8,308.443611
3072,3072,3072,256,3,6,p2p,0,212.354785
3072,3072,3072,256,3,6,bcast,0,277.903006
3072,3072,3072,256,3,6,p2p-i-la,1,425.126073
3072,3072,3072,256,3,6,p2p-i-la,2,456.911782
3072,3072,3072,256,3,6,p2p-i-la,3,460.956575
3072,3072,3072,256,3,6,p2p-i-la,4,457.730268
3072,3072,3072,256,3,6,p2p-i-la,5,468.273032
3072,3072,3072,256,3,6,p2p-i-la,6,464.592989
3072,3072,3072,256,3,6,p2p-i-la,7,466.319561
3072,3072,3072,256,3,6,p2p-i-la,8,468.273032
3072,3072,3072,256,3,6,p2p-i-la,9,468.273032
3072,3072,3072,256,3,6,p2p-i-la,10,466.638714
3072,3072,3072,256,3,6,p2p-i-la,11,468.273032
3072,3072,3072,256,3,6,p2p-i-la,12,468.273032
256,256,256,256,3,12,p2p,0,4.869869
256,256,256,256,3,12,bcast,0,6.754417
256,256,256,256,3,12,p2p-i-la,1,18.275188
512,512,512,256,3,12,p2p,0,10.987067
512,512,512,256,3,12,bcast,0,19.335402
512,512,512,256,3,12,p2p-i-la,1,35.912819
512,512,512,256,3,12,p2p-i-la,2,35.912819
1024,1024,1024,256,3,12,p2p,0,38.256266
1024,1024,1024,256,3,12,bcast,0,63.646172
1024,1024,1024,256,3,12,p2p-i-la,1,83.992614
1024,1024,1024,256,3,12,p2p-i-la,2,81.603442
1024,1024,1024,256,3,12,p2p-i-la,3,84.926864
1024,1024,1024,256,3,12,p2p-i-la,4,84.926864
1536,1536,1536,256,3,12,p2p,0,49.171909
1536,1536,1536,256,3,12,bcast,0,92.418647
1536,1536,1536,256,3,12,p2p-i-la,1,120.394628
1536,1536,1536,256,3,12,p2p-i-la,2,121.526241
1536,1536,1536,256,3,12,p2p-i-la,3,124.891604
1536,1536,1536,256,3,12,p2p-i-la,4,126.779112
1536,1536,1536,256,3,12,p2p-i-la,5,130.366942
1536,1536,1536,256,3,12,p2p-i-la,6,130.366942
2048,2048,2048,256,3,12,p2p,0,66.661573
2048,2048,2048,256,3,12,bcast,0,129.053860
2048,2048,2048,256,3,12,p2p-i-la,1,160.023172
2048,2048,2048,256,3,12,p2p-i-la,2,159.452870
2048,2048,2048,256,3,12,p2p-i-la,3,167.293140
2048,2048,2048,256,3,12,p2p-i-la,4,169.896655
2048,2048,2048,256,3,12,p2p-i-la,5,171.362882
2048,2048,2048,256,3,12,p2p-i-la,6,176.089793
2048,2048,2048,256,3,12,p2p-i-la,7,177.257935
2048,2048,2048,256,3,12,p2p-i-la,8,177.257935
3072,3072,3072,256,3,12,p2p,0,96.605753
3072,3072,3072,256,3,12,bcast,0,193.733589
3072,3072,3072,256,3,12,p2p-i-la,1,249.963694
3072,3072,3072,256,3,12,p2p-i-la,2,246.731132
3072,3072,3072,256,3,12,p2p-i-la,3,253.025413
3072,3072,3072,256,3,12,p2p-i-la,4,262.920677
3072,3072,3072,256,3,12,p2p-i-la,5,269.470088
3072,3072,3072,256,3,12,p2p-i-la,6,269.997673
3072,3072,3072,256,3,12,p2p-i-la,7,270.317497
3072,3072,3072,256,3,12,p2p-i-la,8,270.096835
3072,3072,3072,256,3,12,p2p-i-la,9,270.878784
3072,3072,3072,256,3,12,p2p-i-la,10,271.305552
3072,3072,3072,256,3,12,p2p-i-la,11,271.280168
3072,3072,3072,256,3,12,p2p-i-la,12,271.280168
256,256,256,256,3,16,p2p,0,3.504992
256,256,256,256,3,16,bcast,0,5.517953
256,256,256,256,3,16,p2p-i-la,1,13.011642
512,512,512,256,3,16,p2p,0,7.776424
512,512,512,256,3,16,bcast,0,19.024488
512,512,512,256,3,16,p2p-i-la,1,29.399413
512,512,512,256,3,16,p2p-i-la,2,29.399413
1024,1024,1024,256,3,16,p2p,0,27.597692
1024,1024,1024,256,3,16,bcast,0,54.522518
1024,1024,1024,256,3,16,p2p-i-la,1,61.945103
1024,1024,1024,256,3,16,p2p-i-la,2,59.343031
1024,1024,1024,256,3,16,p2p-i-la,3,61.939951
1024,1024,1024,256,3,16,p2p-i-la,4,61.939951
1536,1536,1536,256,3,16,p2p,0,35.031618
1536,1536,1536,256,3,16,bcast,0,87.836632
1536,1536,1536,256,3,16,p2p-i-la,1,89.461328
1536,1536,1536,256,3,16,p2p-i-la,2,88.912491
1536,1536,1536,256,3,16,p2p-i-la,3,90.607314
1536,1536,1536,256,3,16,p2p-i-la,4,94.285096
1536,1536,1536,256,3,16,p2p-i-la,5,97.635322
1536,1536,1536,256,3,16,p2p-i-la,6,97.635322
2048,2048,2048,256,3,16,p2p,0,44.583860
2048,2048,2048,256,3,16,bcast,0,114.360025
2048,2048,2048,256,3,16,p2p-i-la,1,127.252976
2048,2048,2048,256,3,16,p2p-i-la,2,127.118464
2048,2048,2048,256,3,16,p2p-i-la,3,130.126184
2048,2048,2048,256,3,16,p2p-i-la,4,133.024073
2048,2048,2048,256,3,16,p2p-i-la,5,136.334929
2048,2048,2048,256,3,16,p2p-i-la,6,132.305211
2048,2048,2048,256,3,16,p2p-i-la,7,136.382263
2048,2048,2048,256,3,16,p2p-i-la,8,136.382263
3072,3072,3072,256,3,16,p2p,0,74.087199
3072,3072,3072,256,3,16,bcast,0,183.282080
3072,3072,3072,256,3,16,p2p-i-la,1,199.428970
3072,3072,3072,256,3,16,p2p-i-la,2,201.183785
3072,3072,3072,256,3,16,p2p-i-la,3,204.740526
3072,3072,3072,256,3,16,p2p-i-la,4,212.607728
3072,3072,3072,256,3,16,p2p-i-la,5,222.087668
3072,3072,3072,256,3,16,p2p-i-la,6,221.970073
3072,3072,3072,256,3,16,p2p-i-la,7,221.083639
3072,3072,3072,256,3,16,p2p-i-la,8,221.811274
3072,3072,3072,256,3,16,p2p-i-la,9,221.792259
3072,3072,3072,256,3,16,p2p-i-la,10,221.018264
3072,3072,3072,256,3,16,p2p-i-la,11,221.617203
3072,3072,3072,256,3,16,p2p-i-la,12,221.617203
256,256,256,256,4,1,p2p,0,27.312876
256,256,256,256,4,1,bcast,0,27.562305
256,256,256,256,4,1,p2p-i-la,1,52.011784
512,512,512,256,4,1,p2p,0,56.720108
512,512,512,256,4,1,bcast,0,63.075873
512,512,512,256,4,1,p2p-i-la,1,130.962122
512,512,512,256,4,1,p2p-i-la,2,130.962122
1024,1024,1024,256,4,1,p2p,0,105.988257
1024,1024,1024,256,4,1,bcast,0,132.754475
1024,1024,1024,256,4,1,p2p-i-la,1,262.869214
1024,1024,1024,256,4,1,p2p-i-la,2,250.163334
1024,1024,1024,256,4,1,p2p-i-la,3,280.055469
1024,1024,1024,256,4,1,p2p-i-la,4,280.055469
1536,1536,1536,256,4,1,p2p,0,163.959898
1536,1536,1536,256,4,1,bcast,0,201.080693
1536,1536,1536,256,4,1,p2p-i-la,1,404.263155
1536,1536,1536,256,4,1,p2p-i-la,2,418.774614
1536,1536,1536,256,4,1,p2p-i-la,3,423.966341
1536,1536,1536,256,4,1,p2p-i-la,4,407.779137
1536,1536,1536,256,4,1,p2p-i-la,5,425.538229
1536,1536,1536,256,4,1,p2p-i-la,6,425.538229
2048,2048,2048,256,4,1,p2p,0,211.532014
2048,2048,2048,256,4,1,bcast,0,269.029160
2048,2048,2048,256,4,1,p2p-i-la,1,545.658597
2048,2048,2048,256,4,1,p2p-i-la,2,519.180011
2048,2048,2048,256,4,1,p2p-i-la,3,559.874233
2048,2048,2048,256,4,1,p2p-i-la,4,522.212827
2048,2048,2048,256,4,1,p2p-i-la,5,552.187587
2048,2048,2048,256,4,1,p2p-i-la,6,536.969780
2048,2048,2048,256,4,1,p2p-i-la,7,569.974795
2048,2048,2048,256,4,1,p2p-i-la,8,569.974795
3072,3072,3072,256,4,1,p2p,0,316.367414
3072,3072,3072,256,4,1,bcast,0,404.537016
3072,3072,3072,256,4,1,p2p-i-la,1,801.271388
3072,3072,3072,256,4,1,p2p-i-la,2,799.944920
3072,3072,3072,256,4,1,p2p-i-la,3,824.034110
3072,3072,3072,256,4,1,p2p-i-la,4,801.079044
3072,3072,3072,256,4,1,p2p-i-la,5,852.903995
3072,3072,3072,256,4,1,p2p-i-la,6,841.594866
3072,3072,3072,256,4,1,p2p-i-la,7,848.413375
3072,3072,3072,256,4,1,p2p-i-la,8,807.649115
3072,3072,3072,256,4,1,p2p-i-la,9,840.003790
3072,3072,3072,256,4,1,p2p-i-la,10,823.770860
3072,3072,3072,256,4,1,p2p-i-la,11,857.759479
3072,3072,3072,256,4,1,p2p-i-la,12,857.759479
256,256,256,256,4,2,p2p,0,19.558000
256,256,256,256,4,2,bcast,0,14.317008
256,256,256,256,4,2,p2p-i-la,1,52.011784
512,512,512,256,4,2,p2p,0,61.499768
512,512,512,256,4,2,bcast,0,61.430122
512,512,512,256,4,2,p2p-i-la,1,130.956841
512,512,512,256,4,2,p2p-i-la,2,130.956841
1024,1024,1024,256,4,2,p2p,0,123.327083
1024,1024,1024,256,4,2,bcast,0,124.640257
1024,1024,1024,256,4,2,p2p-i-la,1,214.013056
1024,1024,1024,256,4,2,p2p-i-la,2,210.137234
1024,1024,1024,256,4,2,p2p-i-la,3,224.608042
1024,1024,1024,256,4,2,p2p-i-la,4,224.608042
1536,1536,1536,256,4,2,p2p,0,194.384077
1536,1536,1536,256,4,2,bcast,0,205.222930
1536,1536,1536,256,4,2,p2p-i-la,1,330.469943
1536,1536,1536,256,4,2,p2p-i-la,2,342.380518
1536,1536,1536,256,4,2,p2p-i-la,3,355.275266
1536,1536,1536,256,4,2,p2p-i-la,4,365.287916
1536,1536,1536,256,4,2,p2p-i-la,5,364.918003
1536,1536,1536,256,4,2,p2p-i-la,6,364.918003
2048,2048,2048,256,4,2,p2p,0,241.899945
2048,2048,2048,256,4,2,bcast,0,264.119350
2048,2048,2048,256,4,2,p2p-i-la,1,423.205580
2048,2048,2048,256,4,2,p2p-i-la,2,424.834425
2048,2048,2048,256,4,2,p2p-i-la,3,451.255114
2048,2048,2048,256,4,2,p2p-i-la,4,445.392703
2048,2048,2048,256,4,2,p2p-i-la,5,445.199217
2048,2048,2048,256,4,2,p2p-i-la,6,441.708515
2048,2048,2048,256,4,2,p2p-i-la,7,456.271124
2048,2048,2048,256,4,2,p2p-i-la,8,456.271124
3072,3072,3072,256,4,2,p2p,0,359.002575
3072,3072,3072,256,4,2,bcast,0,402.165002
3072,3072,3072,256,4,2,p2p-i-la,1,628.046389
3072,3072,3072,256,4,2,p2p-i-la,2,628.536135
3072,3072,3072,256,4,2,p2p-i-la,3,649.850377
3072,3072,3072,256,4,2,p2p-i-la,4,658.880561
3072,3072,3072,256,4,2,p2p-i-la,5,664.331314
3072,3072,3072,256,4,2,p2p-i-la,6,669.819038
3072,3072,3072,256,4,2,p2p-i-la,7,680.883937
3072,3072,3072,256,4,2,p2p-i-la,8,675.156769
3072,3072,3072,256,4,2,p2p-i-la,9,675.176334
3072,3072,3072,256,4,2,p2p-i-la,10,671.955191
3072,3072,3072,256,4,2,p2p-i-la,11,686.402986
3072,3072,3072,256,4,2,p2p-i-la,12,686.402986
256,256,256,256,4,4,p2p,0,11.560148
256,256,256,256,4,4,bcast,0,9.907974
256,256,256,256,4,4,p2p-i-la,1,29.601890
512,512,512,256,4,4,p2p,0,33.684227
512,512,512,256,4,4,bcast,0,34.607472
512,512,512,256,4,4,p2p-i-la,1,68.082793
512,512,512,256,4,4,p2p-i-la,2,68.082793
1024,1024,1024,256,4,4,p2p,0,107.690675
1024,1024,1024,256,4,4,bcast,0,102.631882
1024,1024,1024,256,4,4,p2p-i-la,1,158.976380
1024,1024,1024,256,4,4,p2p-i-la,2,161.382738
1024,1024,1024,256,4,4,p2p-i-la,3,161.140171
1024,1024,1024,256,4,4,p2p-i-la,4,161.140171
1536,1536,1536,256,4,4,p2p,0,143.051962
1536,1536,1536,256,4,4,bcast,0,160.860544
1536,1536,1536,256,4,4,p2p-i-la,1,237.012978
1536,1536,1536,256,4,4,p2p-i-la,2,240.135904
1536,1536,1536,256,4,4,p2p-i-la,3,240.135652
1536,1536,1536,256,4,4,p2p-i-la,4,240.135504
1536,1536,1536,256,4,4,p2p-i-la,5,240.136304
1536,1536,1536,256,4,4,p2p-i-la,6,240.136304
2048,2048,2048,256,4,4,p2p,0,207.932527
2048,2048,2048,256,4,4,bcast,0,208.785923
2048,2048,2048,256,4,4,p2p-i-la,1,322.759828
2048,2048,2048,256,4,4,p2p-i-la,2,322.022558
2048,2048,2048,256,4,4,p2p-i-la,3,323.395107
2048,2048,2048,256,4,4,p2p-i-la,4,324.718188
2048,2048,2048,256,4,4,p2p-i-la,5,324.261549
2048,2048,2048,256,4,4,p2p-i-la,6,326.395033
2048,2048,2048,256,4,4,p2p-i-la,7,326.270868
2048,2048,2048,256,4,4,p2p-i-la,8,326.270868
3072,3072,3072,256,4,4,p2p,0,304.319191
3072,3072,3072,256,4,4,bcast,0,325.510163
3072,3072,3072,256,4,4,p2p-i-la,1,481.416093
3072,3072,3072,256,4,4,p2p-i-la,2,482.943831
3072,3072,3072,256,4,4,p2p-i-la,3,486.190455
3072,3072,3072,256,4,4,p2p-i-la,4,490.472217
3072,3072,3072,256,4,4,p2p-i-la,5,489.558868
3072,3072,3072,256,4,4,p2p-i-la,6,489.556527
3072,3072,3072,256,4,4,p2p-i-la,7,487.633689
3072,3072,3072,256,4,4,p2p-i-la,8,489.006012
3072,3072,3072,256,4,4,p2p-i-la,9,488.556577
3072,3072,3072,256,4,4,p2p-i-la,10,490.614205
3072,3072,3072,256,4,4,p2p-i-la,11,490.531080
3072,3072,3072,256,4,4,p2p-i-la,12,490.531080
256,256,256,256,4,5,p2p,0,9.625296
256,256,256,256,4,5,bcast,0,9.026290
256,256,256,256,4,5,p2p-i-la,1,24.177555
512,512,512,256,4,5,p2p,0,27.753632
512,512,512,256,4,5,bcast,0,29.385637
512,512,512,256,4,5,p2p-i-la,1,57.539110
512,512,512,256,4,5,p2p-i-la,2,57.539110
1024,1024,1024,256,4,5,p2p,0,94.466338
1024,1024,1024,256,4,5,bcast,0,98.406517
1024,1024,1024,256,4,5,p2p-i-la,1,153.635295
1024,1024,1024,256,4,5,p2p-i-la,2,157.402744
1024,1024,1024,256,4,5,p2p-i-la,3,158.357103
1024,1024,1024,256,4,5,p2p-i-la,4,158.357103
1536,1536,1536,256,4,5,p2p,0,122.935217
1536,1536,1536,256,4,5,bcast,0,140.709640
1536,1536,1536,256,4,5,p2p-i-la,1,225.411106
1536,1536,1536,256,4,5,p2p-i-la,2,226.223042
1536,1536,1536,256,4,5,p2p-i-la,3,226.105706
1536,1536,1536,256,4,5,p2p-i-la,4,226.247324
1536,1536,1536,256,4,5,p2p-i-la,5,226.105601
1536,1536,1536,256,4,5,p2p-i-la,6,226.105601
2048,2048,2048,256,4,5,p2p,0,176.995892
2048,2048,2048,256,4,5,bcast,0,205.386079
2048,2048,2048,256,4,5,p2p-i-la,1,317.647273
2048,2048,2048,256,4,5,p2p-i-la,2,320.185799
2048,2048,2048,256,4,5,p2p-i-la,3,320.569330
2048,2048,2048,256,4,5,p2p-i-la,4,317.911070
2048,2048,2048,256,4,5,p2p-i-la,5,319.652186
2048,2048,2048,256,4,5,p2p-i-la,6,320.689773
2048,2048,2048,256,4,5,p2p-i-la,7,320.569330
2048,2048,2048,256,4,5,p2p-i-la,8,320.569330
3072,3072,3072,256,4,5,p2p,0,268.707391
3072,3072,3072,256,4,5,bcast,0,304.526777
3072,3072,3072,256,4,5,p2p-i-la,1,486.730566
3072,3072,3072,256,4,5,p2p-i-la,2,487.223556
3072,3072,3072,256,4,5,p2p-i-la,3,490.433735
3072,3072,3072,256,4,5,p2p-i-la,4,487.715926
3072,3072,3072,256,4,5,p2p-i-la,5,490.505944
3072,3072,3072,256,4,5,p2p-i-la,6,490.521805
3072,3072,3072,256,4,5,p2p-i-la,7,490.530585
3072,3072,3072,256,4,5,p2p-i-la,8,490.614082
3072,3072,3072,256,4,5,p2p-i-la,9,490.530987
3072,3072,3072,256,4,5,p2p-i-la,10,490.613927
3072,3072,3072,256,4,5,p2p-i-la,11,490.530585
3072,3072,3072,256,4,5,p2p-i-la,12,490.530585
256,256,256,256,4,6,p2p,0,8.488160
256,256,256,256,4,6,bcast,0,7.859981
256,256,256,256,4,6,p2p-i-la,1,29.082444
512,512,512,256,4,6,p2p,0,23.763187
512,512,512,256,4,6,bcast,0,27.195968
512,512,512,256,4,6,p2p-i-la,1,67.347779
512,512,512,256,4,6,p2p-i-la,2,67.347779
1024,1024,1024,256,4,6,p2p,0,78.979230
1024,1024,1024,256,4,6,bcast,0,83.911780
1024,1024,1024,256,4,6,p2p-i-la,1,136.912512
1024,1024,1024,256,4,6,p2p-i-la,2,135.136895
1024,1024,1024,256,4,6,p2p-i-la,3,136.887348
1024,1024,1024,256,4,6,p2p-i-la,4,136.887348
1536,1536,1536,256,4,6,p2p,0,116.503943
1536,1536,1536,256,4,6,bcast,0,140.870788
1536,1536,1536,256,4,6,p2p-i-la,1,213.110059
1536,1536,1536,256,4,6,p2p-i-la,2,223.273500
1536,1536,1536,256,4,6,p2p-i-la,3,225.358286
1536,1536,1536,256,4,6,p2p-i-la,4,222.914254
1536,1536,1536,256,4,6,p2p-i-la,5,225.963216
1536,1536,1536,256,4,6,p2p-i-la,6,225.963216
2048,2048,2048,256,4,6,p2p,0,154.609242
2048,2048,2048,256,4,6,bcast,0,185.508082
2048,2048,2048,256,4,6,p2p-i-la,1,283.144291
2048,2048,2048,256,4,6,p2p-i-la,2,288.234429
2048,2048,2048,256,4,6,p2p-i-la,3,294.711280
2048,2048,2048,256,4,6,p2p-i-la,4,294.711449
2048,2048,2048,256,4,6,p2p-i-la,5,294.708718
2048,2048,2048,256,4,6,p2p-i-la,6,294.712297
2048,2048,2048,256,4,6,p2p-i-la,7,294.711280
2048,2048,2048,256,4,6,p2p-i-la,8,294.711280
3072,3072,3072,256,4,6,p2p,0,235.236534
3072,3072,3072,256,4,6,bcast,0,286.991614
3072,3072,3072,256,4,6,p2p-i-la,1,432.625569
3072,3072,3072,256,4,6,p2p-i-la,2,438.629369
3072,3072,3072,256,4,6,p2p-i-la,3,443.011913
3072,3072,3072,256,4,6,p2p-i-la,4,435.898281
3072,3072,3072,256,4,6,p2p-i-la,5,447.877663
3072,3072,3072,256,4,6,p2p-i-la,6,447.877663
3072,3072,3072,256,4,6,p2p-i-la,7,447.877663
3072,3072,3072,256,4,6,p2p-i-la,8,444.983491
3072,3072,3072,256,4,6,p2p-i-la,9,444.947058
3072,3072,3072,256,4,6,p2p-i-la,10,441.481734
3072,3072,3072,256,4,6,p2p-i-la,11,447.877508
3072,3072,3072,256,4,6,p2p-i-la,12,447.877508
256,256,256,256,4,12,p2p,0,4.353945
256,256,256,256,4,12,bcast,0,5.805792
256,256,256,256,4,12,p2p-i-la,1,15.897766
512,512,512,256,4,12,p2p,0,10.191034
512,512,512,256,4,12,bcast,0,18.190354
512,512,512,256,4,12,p2p-i-la,1,32.747751
512,512,512,256,4,12,p2p-i-la,2,32.747751
1024,1024,1024,256,4,12,p2p,0,37.211795
1024,1024,1024,256,4,12,bcast,0,61.184763
1024,1024,1024,256,4,12,p2p-i-la,1,79.492218
1024,1024,1024,256,4,12,p2p-i-la,2,79.706388
1024,1024,1024,256,4,12,p2p-i-la,3,79.698818
1024,1024,1024,256,4,12,p2p-i-la,4,79.698818
1536,1536,1536,256,4,12,p2p,0,51.765083
1536,1536,1536,256,4,12,bcast,0,93.819110
1536,1536,1536,256,4,12,p2p-i-la,1,121.064273
1536,1536,1536,256,4,12,p2p-i-la,2,120.018600
1536,1536,1536,256,4,12,p2p-i-la,3,124.146991
1536,1536,1536,256,4,12,p2p-i-la,4,124.557198
1536,1536,1536,256,4,12,p2p-i-la,5,127.355831
1536,1536,1536,256,4,12,p2p-i-la,6,127.355831
2048,2048,2048,256,4,12,p2p,0,83.808146
2048,2048,2048,256,4,12,bcast,0,139.854732
2048,2048,2048,256,4,12,p2p-i-la,1,166.309167
2048,2048,2048,256,4,12,p2p-i-la,2,166.330533
2048,2048,2048,256,4,12,p2p-i-la,3,166.373498
2048,2048,2048,256,4,12,p2p-i-la,4,166.373498
2048,2048,2048,256,4,12,p2p-i-la,5,166.373570
2048,2048,2048,256,4,12,p2p-i-la,6,166.405880
2048,2048,2048,256,4,12,p2p-i-la,7,166.373090
2048,2048,2048,256,4,12,p2p-i-la,8,166.373090
3072,3072,3072,256,4,12,p2p,0,118.867044
3072,3072,3072,256,4,12,bcast,0,221.076680
3072,3072,3072,256,4,12,p2p-i-la,1,248.204132
3072,3072,3072,256,4,12,p2p-i-la,2,247.642976
3072,3072,3072,256,4,12,p2p-i-la,3,256.112452
3072,3072,3072,256,4,12,p2p-i-la,4,252.987955
3072,3072,3072,256,4,12,p2p-i-la,5,257.707295
3072,3072,3072,256,4,12,p2p-i-la,6,257.707295
3072,3072,3072,256,4,12,p2p-i-la,7,257.707295
3072,3072,3072,256,4,12,p2p-i-la,8,257.707295
3072,3072,3072,256,4,12,p2p-i-la,9,257.707363
3072,3072,3072,256,4,12,p2p-i-la,10,252.707900
3072,3072,3072,256,4,12,p2p-i-la,11,257.707227
3072,3072,3072,256,4,12,p2p-i-la,12,257.707227
256,256,256,256,4,16,p2p,0,3.223442
256,256,256,256,4,16,bcast,0,5.025079
256,256,256,256,4,16,p2p-i-la,1,13.011558
512,512,512,256,4,16,p2p,0,7.513304
512,512,512,256,4,16,bcast,0,17.425140
512,512,512,256,4,16,p2p-i-la,1,27.907085
512,512,512,256,4,16,p2p-i-la,2,27.907085
1024,1024,1024,256,4,16,p2p,0,28.795869
1024,1024,1024,256,4,16,bcast,0,58.275362
1024,1024,1024,256,4,16,p2p-i-la,1,66.873548
1024,1024,1024,256,4,16,p2p-i-la,2,66.329144
1024,1024,1024,256,4,16,p2p-i-la,3,66.867684
1024,1024,1024,256,4,16,p2p-i-la,4,66.867684
1536,1536,1536,256,4,16,p2p,0,35.755545
1536,1536,1536,256,4,16,bcast,0,86.007242
1536,1536,1536,256,4,16,p2p-i-la,1,101.391774
1536,1536,1536,256,4,16,p2p-i-la,2,98.902573
1536,1536,1536,256,4,16,p2p-i-la,3,102.467829
1536,1536,1536,256,4,16,p2p-i-la,4,105.476355
1536,1536,1536,256,4,16,p2p-i-la,5,108.561153
1536,1536,1536,256,4,16,p2p-i-la,6,108.561153
2048,2048,2048,256,4,16,p2p,0,61.416423
2048,2048,2048,256,4,16,bcast,0,129.023531
2048,2048,2048,256,4,16,p2p-i-la,1,151.598657
2048,2048,2048,256,4,16,p2p-i-la,2,153.751260
2048,2048,2048,256,4,16,p2p-i-la,3,153.778402
2048,2048,2048,256,4,16,p2p-i-la,4,153.791643
2048,2048,2048,256,4,16,p2p-i-la,5,153.791797
2048,2048,2048,256,4,16,p2p-i-la,6,148.951254
2048,2048,2048,256,4,16,p2p-i-la,7,153.791612
2048,2048,2048,256,4,16,p2p-i-la,8,153.791612
3072,3072,3072,256,4,16,p2p,0,93.506899
3072,3072,3072,256,4,16,bcast,0,205.406254
3072,3072,3072,256,4,16,p2p-i-la,1,229.722749
3072,3072,3072,256,4,16,p2p-i-la,2,231.010647
3072,3072,3072,256,4,16,p2p-i-la,3,243.714665
3072,3072,3072,256,4,16,p2p-i-la,4,246.499070
3072,3072,3072,256,4,16,p2p-i-la,5,247.092166
3072,3072,3072,256,4,16,p2p-i-la,6,238.616185
3072,3072,3072,256,4,16,p2p-i-la,7,244.307291
3072,3072,3072,256,4,16,p2p-i-la,8,251.846275
3072,3072,3072,256,4,16,p2p-i-la,9,257.707397
3072,3072,3072,256,4,16,p2p-i-la,10,254.688421
3072,3072,3072,256,4,16,p2p-i-la,11,257.684187
3072,3072,3072,256,4,16,p2p-i-la,12,257.684187
256,256,256,256,5,1,p2p,0,19.790206
256,256,256,256,5,1,bcast,0,19.684344
256,256,256,256,5,1,p2p-i-la,1,38.162748
512,512,512,256,5,1,p2p,0,42.156192
512,512,512,256,5,1,bcast,0,52.701461
512,512,512,256,5,1,p2p-i-la,1,106.609569
512,512,512,256,5,1,p2p-i-la,2,106.609569
1024,1024,1024,256,5,1,p2p,0,78.870146
1024,1024,1024,256,5,1,bcast,0,94.009484
1024,1024,1024,256,5,1,p2p-i-la,1,213.022591
1024,1024,1024,256,5,1,p2p-i-la,2,192.947224
1024,1024,1024,256,5,1,p2p-i-la,3,225.082717
1024,1024,1024,256,5,1,p2p-i-la,4,225.082717
1536,1536,1536,256,5,1,p2p,0,117.740369
1536,1536,1536,256,5,1,bcast,0,143.760950
1536,1536,1536,256,5,1,p2p-i-la,1,330.827393
1536,1536,1536,256,5,1,p2p-i-la,2,341.462630
1536,1536,1536,256,5,1,p2p-i-la,3,333.123079
1536,1536,1536,256,5,1,p2p-i-la,4,341.139076
1536,1536,1536,256,5,1,p2p-i-la,5,341.139076
1536,1536,1536,256,5,1,p2p-i-la,6,341.139076
2048,2048,2048,256,5,1,p2p,0,155.830748
2048,2048,2048,256,5,1,bcast,0,190.374283
2048,2048,2048,256,5,1,p2p-i-la,1,441.549160
2048,2048,2048,256,5,1,p2p-i-la,2,433.980831
2048,2048,2048,256,5,1,p2p-i-la,3,456.515386
2048,2048,2048,256,5,1,p2p-i-la,4,455.829742
2048,2048,2048,256,5,1,p2p-i-la,5,434.873949
2048,2048,2048,256,5,1,p2p-i-la,6,456.515386
2048,2048,2048,256,5,1,p2p-i-la,7,456.515612
2048,2048,2048,256,5,1,p2p-i-la,8,456.515612
3072,3072,3072,256,5,1,p2p,0,234.024721
3072,3072,3072,256,5,1,bcast,0,290.358554
3072,3072,3072,256,5,1,p2p-i-la,1,687.591416
3072,3072,3072,256,5,1,p2p-i-la,2,707.579667
3072,3072,3072,256,5,1,p2p-i-la,3,707.343572
3072,3072,3072,256,5,1,p2p-i-la,4,709.879826
3072,3072,3072,256,5,1,p2p-i-la,5,709.879502
3072,3072,3072,256,5,1,p2p-i-la,6,710.203160
3072,3072,3072,256,5,1,p2p-i-la,7,710.167126
3072,3072,3072,256,5,1,p2p-i-la,8,710.365424
3072,3072,3072,256,5,1,p2p-i-la,9,710.190327
3072,3072,3072,256,5,1,p2p-i-la,10,710.190327
3072,3072,3072,256,5,1,p2p-i-la,11,710.190327
3072,3072,3072,256,5,1,p2p-i-la,12,710.190327
256,256,256,256,5,2,p2p,0,14.594747
256,256,256,256,5,2,bcast,0,11.462738
256,256,256,256,5,2,p2p-i-la,1,37.307889
512,512,512,256,5,2,p2p,0,47.765492
512,512,512,256,5,2,bcast,0,47.814112
512,512,512,256,5,2,p2p-i-la,1,105.760564
512,512,512,256,5,2,p2p-i-la,2,105.760564
1024,1024,1024,256,5,2,p2p,0,94.239899
1024,1024,1024,256,5,2,bcast,0,96.787210
1024,1024,1024,256,5,2,p2p-i-la,1,180.429642
1024,1024,1024,256,5,2,p2p-i-la,2,176.295954
1024,1024,1024,256,5,2,p2p-i-la,3,187.818177
1024,1024,1024,256,5,2,p2p-i-la,4,187.818177
1536,1536,1536,256,5,2,p2p,0,143.903426
1536,1536,1536,256,5,2,bcast,0,152.966486
1536,1536,1536,256,5,2,p2p-i-la,1,297.693797
1536,1536,1536,256,5,2,p2p-i-la,2,289.197538
1536,1536,1536,256,5,2,p2p-i-la,3,302.697783
1536,1536,1536,256,5,2,p2p-i-la,4,309.034953
1536,1536,1536,256,5,2,p2p-i-la,5,310.093038
1536,1536,1536,256,5,2,p2p-i-la,6,310.093038
2048,2048,2048,256,5,2,p2p,0,185.048448
2048,2048,2048,256,5,2,bcast,0,203.954096
2048,2048,2048,256,5,2,p2p-i-la,1,381.649236
2048,2048,2048,256,5,2,p2p-i-la,2,379.643438
2048,2048,2048,256,5,2,p2p-i-la,3,385.702447
2048,2048,2048,256,5,2,p2p-i-la,4,388.618567
2048,2048,2048,256,5,2,p2p-i-la,5,388.618567
2048,2048,2048,256,5,2,p2p-i-la,6,388.618273
2048,2048,2048,256,5,2,p2p-i-la,7,388.618436
2048,2048,2048,256,5,2,p2p-i-la,8,388.618436
3072,3072,3072,256,5,2,p2p,0,278.136951
3072,3072,3072,256,5,2,bcast,0,313.787762
3072,3072,3072,256,5,2,p2p-i-la,1,582.980024
3072,3072,3072,256,5,2,p2p-i-la,2,588.495351
3072,3072,3072,256,5,2,p2p-i-la,3,597.162336
3072,3072,3072,256,5,2,p2p-i-la,4,603.460093
3072,3072,3072,256,5,2,p2p-i-la,5,618.735562
3072,3072,3072,256,5,2,p2p-i-la,6,619.823415
3072,3072,3072,256,5,2,p2p-i-la,7,591.852693
3072,3072,3072,256,5,2,p2p-i-la,8,618.857290
3072,3072,3072,256,5,2,p2p-i-la,9,624.126695
3072,3072,3072,256,5,2,p2p-i-la,10,624.270084
3072,3072,3072,256,5,2,p2p-i-la,11,624.134804
3072,3072,3072,256,5,2,p2p-i-la,12,624.134804
256,256,256,256,5,4,p2p,0,9.314199
256,256,256,256,5,4,bcast,0,8.210700
256,256,256,256,5,4,p2p-i-la,1,24.177555
512,512,512,256,5,4,p2p,0,27.570673
512,512,512,256,5,4,bcast,0,30.039211
512,512,512,256,5,4,p2p-i-la,1,60.579116
512,512,512,256,5,4,p2p-i-la,2,60.579116
1024,1024,1024,256,5,4,p2p,0,90.685137
1024,1024,1024,256,5,4,bcast,0,88.154400
1024,1024,1024,256,5,4,p2p-i-la,1,139.617565
1024,1024,1024,256,5,4,p2p-i-la,2,141.471475
1024,1024,1024,256,5,4,p2p-i-la,3,141.285037
1024,1024,1024,256,5,4,p2p-i-la,4,141.285037
1536,1536,1536,256,5,4,p2p,0,133.104407
1536,1536,1536,256,5,4,bcast,0,141.167977
1536,1536,1536,256,5,4,p2p-i-la,1,225.757309
1536,1536,1536,256,5,4,p2p-i-la,2,231.109464
1536,1536,1536,256,5,4,p2p-i-la,3,231.169849
1536,1536,1536,256,5,4,p2p-i-la,4,231.170591
1536,1536,1536,256,5,4,p2p-i-la,5,231.170343
1536,1536,1536,256,5,4,p2p-i-la,6,231.170343
2048,2048,2048,256,5,4,p2p,0,179.196275
2048,2048,2048,256,5,4,bcast,0,188.460527
2048,2048,2048,256,5,4,p2p-i-la,1,299.512876
2048,2048,2048,256,5,4,p2p-i-la,2,300.450604
2048,2048,2048,256,5,4,p2p-i-la,3,302.094810
2048,2048,2048,256,5,4,p2p-i-la,4,302.092950
2048,2048,2048,256,5,4,p2p-i-la,5,302.094909
2048,2048,2048,256,5,4,p2p-i-la,6,302.094810
2048,2048,2048,256,5,4,p2p-i-la,7,302.094988
2048,2048,2048,256,5,4,p2p-i-la,8,302.094988
3072,3072,3072,256,5,4,p2p,0,273.936916
3072,3072,3072,256,5,4,bcast,0,294.002317
3072,3072,3072,256,5,4,p2p-i-la,1,450.468148
3072,3072,3072,256,5,4,p2p-i-la,2,464.536415
3072,3072,3072,256,5,4,p2p-i-la,3,466.459454
3072,3072,3072,256,5,4,p2p-i-la,4,468.271482
3072,3072,3072,256,5,4,p2p-i-la,5,468.253253
3072,3072,3072,256,5,4,p2p-i-la,6,468.272891
3072,3072,3072,256,5,4,p2p-i-la,7,468.272891
3072,3072,3072,256,5,4,p2p-i-la,8,468.272835
3072,3072,3072,256,5,4,p2p-i-la,9,468.272976
3072,3072,3072,256,5,4,p2p-i-la,10,468.348925
3072,3072,3072,256,5,4,p2p-i-la,11,468.272891
3072,3072,3072,256,5,4,p2p-i-la,12,468.272891
256,256,256,256,5,5,p2p,0,8.015949
256,256,256,256,5,5,bcast,0,7.328693
256,256,256,256,5,5,p2p-i-la,1,20.687309
512,512,512,256,5,5,p2p,0,23.683113
512,512,512,256,5,5,bcast,0,27.151233
512,512,512,256,5,5,p2p-i-la,1,50.010215
512,512,512,256,5,5,p2p-i-la,2,50.010215
1024,1024,1024,256,5,5,p2p,0,84.385708
1024,1024,1024,256,5,5,bcast,0,80.526371
1024,1024,1024,256,5,5,p2p-i-la,1,132.516682
1024,1024,1024,256,5,5,p2p-i-la,2,136.314489
1024,1024,1024,256,5,5,p2p-i-la,3,137.062777
1024,1024,1024,256,5,5,p2p-i-la,4,137.062777
1536,1536,1536,256,5,5,p2p,0,124.411869
1536,1536,1536,256,5,5,bcast,0,129.620177
1536,1536,1536,256,5,5,p2p-i-la,1,194.804484
1536,1536,1536,256,5,5,p2p-i-la,2,194.805927
1536,1536,1536,256,5,5,p2p-i-la,3,194.539007
1536,1536,1536,256,5,5,p2p-i-la,4,194.806024
1536,1536,1536,256,5,5,p2p-i-la,5,194.806259
1536,1536,1536,256,5,5,p2p-i-la,6,194.806259
2048,2048,2048,256,5,5,p2p,0,159.469455
2048,2048,2048,256,5,5,bcast,0,166.068021
2048,2048,2048,256,5,5,p2p-i-la,1,256.634985
2048,2048,2048,256,5,5,p2p-i-la,2,253.998268
2048,2048,2048,256,5,5,p2p-i-la,3,256.171477
2048,2048,2048,256,5,5,p2p-i-la,4,257.564347
2048,2048,2048,256,5,5,p2p-i-la,5,255.768892
2048,2048,2048,256,5,5,p2p-i-la,6,255.856161
2048,2048,2048,256,5,5,p2p-i-la,7,257.564318
2048,2048,2048,256,5,5,p2p-i-la,8,257.564318
3072,3072,3072,256,5,5,p2p,0,237.561369
3072,3072,3072,256,5,5,bcast,0,270.169148
3072,3072,3072,256,5,5,p2p-i-la,1,395.071972
3072,3072,3072,256,5,5,p2p-i-la,2,395.540921
3072,3072,3072,256,5,5,p2p-i-la,3,391.426964
3072,3072,3072,256,5,5,p2p-i-la,4,397.610204
3072,3072,3072,256,5,5,p2p-i-la,5,397.579166
3072,3072,3072,256,5,5,p2p-i-la,6,397.610164
3072,3072,3072,256,5,5,p2p-i-la,7,397.610204
3072,3072,3072,256,5,5,p2p-i-la,8,397.610326
3072,3072,3072,256,5,5,p2p-i-la,9,397.610204
3072,3072,3072,256,5,5,p2p-i-la,10,397.610204
3072,3072,3072,256,5,5,p2p-i-la,11,397.610367
3072,3072,3072,256,5,5,p2p-i-la,12,397.610367
256,256,256,256,5,6,p2p,0,7.211465
256,256,256,256,5,6,bcast,0,6.812118
256,256,256,256,5,6,p2p-i-la,1,24.176977
512,512,512,256,5,6,p2p,0,21.133345
512,512,512,256,5,6,bcast,0,25.261936
512,512,512,256,5,6,p2p-i-la,1,57.538496
512,512,512,256,5,6,p2p-i-la,2,57.538496
1024,1024,1024,256,5,6,p2p,0,70.175214
1024,1024,1024,256,5,6,bcast,0,72.264533
1024,1024,1024,256,5,6,p2p-i-la,1,124.959898
1024,1024,1024,256,5,6,p2p-i-la,2,123.683614
1024,1024,1024,256,5,6,p2p-i-la,3,127.382058
1024,1024,1024,256,5,6,p2p-i-la,4,127.382058
1536,1536,1536,256,5,6,p2p,0,129.025212
1536,1536,1536,256,5,6,bcast,0,137.191276
1536,1536,1536,256,5,6,p2p-i-la,1,207.051078
1536,1536,1536,256,5,6,p2p-i-la,2,209.794131
1536,1536,1536,256,5,6,p2p-i-la,3,209.500629
1536,1536,1536,256,5,6,p2p-i-la,4,210.667867
1536,1536,1536,256,5,6,p2p-i-la,5,210.716786
1536,1536,1536,256,5,6,p2p-i-la,6,210.716786
2048,2048,2048,256,5,6,p2p,0,142.776966
2048,2048,2048,256,5,6,bcast,0,162.762398
2048,2048,2048,256,5,6,p2p-i-la,1,259.390964
2048,2048,2048,256,5,6,p2p-i-la,2,260.986043
2048,2048,2048,256,5,6,p2p-i-la,3,265.964862
2048,2048,2048,256,5,6,p2p-i-la,4,265.965077
2048,2048,2048,256,5,6,p2p-i-la,5,265.964586
2048,2048,2048,256,5,6,p2p-i-la,6,265.586290
2048,2048,2048,256,5,6,p2p-i-la,7,265.965537
2048,2048,2048,256,5,6,p2p-i-la,8,265.965537
3072,3072,3072,256,5,6,p2p,0,244.127680
3072,3072,3072,256,5,6,bcast,0,280.985366
3072,3072,3072,256,5,6,p2p-i-la,1,411.878847
3072,3072,3072,256,5,6,p2p-i-la,2,414.884814
3072,3072,3072,256,5,6,p2p-i-la,3,418.983798
3072,3072,3072,256,5,6,p2p-i-la,4,422.402399
3072,3072,3072,256,5,6,p2p-i-la,5,423.434157
3072,3072,3072,256,5,6,p2p-i-la,6,423.440793
3072,3072,3072,256,5,6,p2p-i-la,7,423.440654
3072,3072,3072,256,5,6,p2p-i-la,8,423.440654
3072,3072,3072,256,5,6,p2p-i-la,9,423.440931
3072,3072,3072,256,5,6,p2p-i-la,10,423.440746
3072,3072,3072,256,5,6,p2p-i-la,11,423.441253
3072,3072,3072,256,5,6,p2p-i-la,12,423.441253
256,256,256,256,5,12,p2p,0,3.936950
256,256,256,256,5,12,bcast,0,5.118447
256,256,256,256,5,12,p2p-i-la,1,15.897766
512,512,512,256,5,12,p2p,0,9.861473
512,512,512,256,5,12,bcast,0,16.250216
512,512,512,256,5,12,p2p-i-la,1,31.838423
512,512,512,256,5,12,p2p-i-la,2,31.838423
1024,1024,1024,256,5,12,p2p,0,36.352195
1024,1024,1024,256,5,12,bcast,0,54.089476
1024,1024,1024,256,5,12,p2p-i-la,1,76.289779
1024,1024,1024,256,5,12,p2p-i-la,2,76.387677
1024,1024,1024,256,5,12,p2p-i-la,3,76.380203
1024,1024,1024,256,5,12,p2p-i-la,4,76.380203
1536,1536,1536,256,5,12,p2p,0,73.077315
1536,1536,1536,256,5,12,bcast,0,103.095405
1536,1536,1536,256,5,12,p2p-i-la,1,137.620811
1536,1536,1536,256,5,12,p2p-i-la,2,139.072730
1536,1536,1536,256,5,12,p2p-i-la,3,138.466740
1536,1536,1536,256,5,12,p2p-i-la,4,139.798139
1536,1536,1536,256,5,12,p2p-i-la,5,140.610396
1536,1536,1536,256,5,12,p2p-i-la,6,140.610396
2048,2048,2048,256,5,12,p2p,0,81.834099
2048,2048,2048,256,5,12,bcast,0,133.309118
2048,2048,2048,256,5,12,p2p-i-la,1,169.166196
2048,2048,2048,256,5,12,p2p-i-la,2,174.303431
2048,2048,2048,256,5,12,p2p-i-la,3,178.041056
2048,2048,2048,256,5,12,p2p-i-la,4,176.445360
2048,2048,2048,256,5,12,p2p-i-la,5,177.390660
2048,2048,2048,256,5,12,p2p-i-la,6,178.949914
2048,2048,2048,256,5,12,p2p-i-la,7,178.949483
2048,2048,2048,256,5,12,p2p-i-la,8,178.949483
3072,3072,3072,256,5,12,p2p,0,132.739375
3072,3072,3072,256,5,12,bcast,0,225.698251
3072,3072,3072,256,5,12,p2p-i-la,1,271.906994
3072,3072,3072,256,5,12,p2p-i-la,2,276.195946
3072,3072,3072,256,5,12,p2p-i-la,3,283.929082
3072,3072,3072,256,5,12,p2p-i-la,4,287.089906
3072,3072,3072,256,5,12,p2p-i-la,5,286.978872
3072,3072,3072,256,5,12,p2p-i-la,6,286.514388
3072,3072,3072,256,5,12,p2p-i-la,7,285.276998
3072,3072,3072,256,5,12,p2p-i-la,8,282.958709
3072,3072,3072,256,5,12,p2p-i-la,9,287.301414
3072,3072,3072,256,5,12,p2p-i-la,10,283.932210
3072,3072,3072,256,5,12,p2p-i-la,11,287.301202
3072,3072,3072,256,5,12,p2p-i-la,12,287.301202
256,256,256,256,5,16,p2p,0,2.958297
256,256,256,256,5,16,bcast,0,4.287741
256,256,256,256,5,16,p2p-i-la,1,11.842700
512,512,512,256,5,16,p2p,0,7.372435
512,512,512,256,5,16,bcast,0,15.537691
512,512,512,256,5,16,p2p-i-la,1,26.611116
512,512,512,256,5,16,p2p-i-la,2,26.611116
1024,1024,1024,256,5,16,p2p,0,26.617098
1024,1024,1024,256,5,16,bcast,0,52.168956
1024,1024,1024,256,5,16,p2p-i-la,1,63.188081
1024,1024,1024,256,5,16,p2p-i-la,2,63.102387
1024,1024,1024,256,5,16,p2p-i-la,3,63.182595
1024,1024,1024,256,5,16,p2p-i-la,4,63.182595
1536,1536,1536,256,5,16,p2p,0,55.314539
1536,1536,1536,256,5,16,bcast,0,92.983317
1536,1536,1536,256,5,16,p2p-i-la,1,114.637963
1536,1536,1536,256,5,16,p2p-i-la,2,116.314637
1536,1536,1536,256,5,16,p2p-i-la,3,116.309978
1536,1536,1536,256,5,16,p2p-i-la,4,116.309881
1536,1536,1536,256,5,16,p2p-i-la,5,116.310069
1536,1536,1536,256,5,16,p2p-i-la,6,116.310069
2048,2048,2048,256,5,16,p2p,0,60.823321
2048,2048,2048,256,5,16,bcast,0,118.123597
2048,2048,2048,256,5,16,p2p-i-la,1,139.226460
2048,2048,2048,256,5,16,p2p-i-la,2,141.899586
2048,2048,2048,256,5,16,p2p-i-la,3,141.897211
2048,2048,2048,256,5,16,p2p-i-la,4,141.897036
2048,2048,2048,256,5,16,p2p-i-la,5,141.897211
2048,2048,2048,256,5,16,p2p-i-la,6,141.652532
2048,2048,2048,256,5,16,p2p-i-la,7,141.897176
2048,2048,2048,256,5,16,p2p-i-la,8,141.897176
3072,3072,3072,256,5,16,p2p,0,94.885693
3072,3072,3072,256,5,16,bcast,0,196.173187
3072,3072,3072,256,5,16,p2p-i-la,1,230.587280
3072,3072,3072,256,5,16,p2p-i-la,2,239.742640
3072,3072,3072,256,5,16,p2p-i-la,3,229.592624
3072,3072,3072,256,5,16,p2p-i-la,4,250.390187
3072,3072,3072,256,5,16,p2p-i-la,5,246.550159
3072,3072,3072,256,5,16,p2p-i-la,6,241.763698
3072,3072,3072,256,5,16,p2p-i-la,7,248.003462
3072,3072,3072,256,5,16,p2p-i-la,8,250.390171
3072,3072,3072,256,5,16,p2p-i-la,9,250.390187
3072,3072,3072,256,5,16,p2p-i-la,10,250.390203
3072,3072,3072,256,5,16,p2p-i-la,11,250.390106
3072,3072,3072,256,5,16,p2p-i-la,12,250.390106
256,256,256,256,12,1,p2p,0,6.027755
256,256,256,256,12,1,bcast,0,8.716448
256,256,256,256,12,1,p2p-i-la,1,18.277329
512,512,512,256,12,1,p2p,0,12.451323
512,512,512,256,12,1,bcast,0,24.383095
512,512,512,256,12,1,p2p-i-la,1,46.158126
512,512,512,256,12,1,p2p-i-la,2,46.158126
1024,1024,1024,256,12,1,p2p,0,23.967363
1024,1024,1024,256,12,1,bcast,0,50.483930
1024,1024,1024,256,12,1,p2p-i-la,1,94.725400
1024,1024,1024,256,12,1,p2p-i-la,2,89.769910
1024,1024,1024,256,12,1,p2p-i-la,3,94.725400
1024,1024,1024,256,12,1,p2p-i-la,4,94.725400
1536,1536,1536,256,12,1,p2p,0,34.739719
1536,1536,1536,256,12,1,bcast,0,72.428951
1536,1536,1536,256,12,1,p2p-i-la,1,136.449467
1536,1536,1536,256,12,1,p2p-i-la,2,142.190165
1536,1536,1536,256,12,1,p2p-i-la,3,140.769055
1536,1536,1536,256,12,1,p2p-i-la,4,142.778192
1536,1536,1536,256,12,1,p2p-i-la,5,142.778370
1536,1536,1536,256,12,1,p2p-i-la,6,142.778370
2048,2048,2048,256,12,1,p2p,0,44.305656
2048,2048,2048,256,12,1,bcast,0,95.255987
2048,2048,2048,256,12,1,p2p-i-la,1,164.961484
2048,2048,2048,256,12,1,p2p-i-la,2,188.372385
2048,2048,2048,256,12,1,p2p-i-la,3,187.266734
2048,2048,2048,256,12,1,p2p-i-la,4,188.221603
2048,2048,2048,256,12,1,p2p-i-la,5,190.695069
2048,2048,2048,256,12,1,p2p-i-la,6,188.164190
2048,2048,2048,256,12,1,p2p-i-la,7,190.695069
2048,2048,2048,256,12,1,p2p-i-la,8,190.695069
3072,3072,3072,256,12,1,p2p,0,62.022932
3072,3072,3072,256,12,1,bcast,0,135.777419
3072,3072,3072,256,12,1,p2p-i-la,1,227.629288
3072,3072,3072,256,12,1,p2p-i-la,2,281.465753
3072,3072,3072,256,12,1,p2p-i-la,3,286.883807
3072,3072,3072,256,12,1,p2p-i-la,4,292.447359
3072,3072,3072,256,12,1,p2p-i-la,5,291.937835
3072,3072,3072,256,12,1,p2p-i-la,6,289.974173
3072,3072,3072,256,12,1,p2p-i-la,7,294.383537
3072,3072,3072,256,12,1,p2p-i-la,8,294.565342
3072,3072,3072,256,12,1,p2p-i-la,9,293.151809
3072,3072,3072,256,12,1,p2p-i-la,10,294.565320
3072,3072,3072,256,12,1,p2p-i-la,11,294.565431
3072,3072,3072,256,12,1,p2p-i-la,12,294.565431
256,256,256,256,12,2,p2p,0,4.884986
256,256,256,256,12,2,bcast,0,6.666765
256,256,256,256,12,2,p2p-i-la,1,16.053392
512,512,512,256,12,2,p2p,0,16.534398
512,512,512,256,12,2,bcast,0,24.094562
512,512,512,256,12,2,p2p-i-la,1,42.582078
512,512,512,256,12,2,p2p-i-la,2,42.582078
1024,1024,1024,256,12,2,p2p,0,32.551599
1024,1024,1024,256,12,2,bcast,0,56.884831
1024,1024,1024,256,12,2,p2p-i-la,1,82.696238
1024,1024,1024,256,12,2,p2p-i-la,2,82.436746
1024,1024,1024,256,12,2,p2p-i-la,3,84.215188
1024,1024,1024,256,12,2,p2p-i-la,4,84.215188
1536,1536,1536,256,12,2,p2p,0,47.838481
1536,1536,1536,256,12,2,bcast,0,87.119442
1536,1536,1536,256,12,2,p2p-i-la,1,131.183692
1536,1536,1536,256,12,2,p2p-i-la,2,131.786154
1536,1536,1536,256,12,2,p2p-i-la,3,131.786118
1536,1536,1536,256,12,2,p2p-i-la,4,131.264704
1536,1536,1536,256,12,2,p2p-i-la,5,131.786118
1536,1536,1536,256,12,2,p2p-i-la,6,131.786118
2048,2048,2048,256,12,2,p2p,0,61.775528
2048,2048,2048,256,12,2,bcast,0,113.718379
2048,2048,2048,256,12,2,p2p-i-la,1,168.906553
2048,2048,2048,256,12,2,p2p-i-la,2,171.050423
2048,2048,2048,256,12,2,p2p-i-la,3,171.565189
2048,2048,2048,256,12,2,p2p-i-la,4,171.094744
2048,2048,2048,256,12,2,p2p-i-la,5,171.094833
2048,2048,2048,256,12,2,p2p-i-la,6,166.480802
2048,2048,2048,256,12,2,p2p-i-la,7,172.705402
2048,2048,2048,256,12,2,p2p-i-la,8,172.705402
3072,3072,3072,256,12,2,p2p,0,88.212930
3072,3072,3072,256,12,2,bcast,0,167.552695
3072,3072,3072,256,12,2,p2p-i-la,1,251.809002
3072,3072,3072,256,12,2,p2p-i-la,2,266.841141
3072,3072,3072,256,12,2,p2p-i-la,3,274.082289
3072,3072,3072,256,12,2,p2p-i-la,4,276.284411
3072,3072,3072,256,12,2,p2p-i-la,5,278.538515
3072,3072,3072,256,12,2,p2p-i-la,6,277.425239
3072,3072,3072,256,12,2,p2p-i-la,7,278.630862
3072,3072,3072,256,12,2,p2p-i-la,8,278.630882
3072,3072,3072,256,12,2,p2p-i-la,9,278.630862
3072,3072,3072,256,12,2,p2p-i-la,10,276.108419
3072,3072,3072,256,12,2,p2p-i-la,11,278.630802
3072,3072,3072,256,12,2,p2p-i-la,12,278.630802
256,256,256,256,12,4,p2p,0,3.733469
256,256,256,256,12,4,bcast,0,5.307795
256,256,256,256,12,4,p2p-i-la,1,13.011725
512,512,512,256,12,4,p2p,0,12.393304
512,512,512,256,12,4,bcast,0,19.524648
512,512,512,256,12,4,p2p-i-la,1,34.730859
512,512,512,256,12,4,p2p-i-la,2,34.730859
1024,1024,1024,256,12,4,p2p,0,40.235058
1024,1024,1024,256,12,4,bcast,0,56.347568
1024,1024,1024,256,12,4,p2p-i-la,1,74.124005
1024,1024,1024,256,12,4,p2p-i-la,2,74.570619
1024,1024,1024,256,12,4,p2p-i-la,3,74.571603
1024,1024,1024,256,12,4,p2p-i-la,4,74.571603
1536,1536,1536,256,12,4,p2p,0,54.149636
1536,1536,1536,256,12,4,bcast,0,85.288231
1536,1536,1536,256,12,4,p2p-i-la,1,120.919444
1536,1536,1536,256,12,4,p2p-i-la,2,126.360113
1536,1536,1536,256,12,4,p2p-i-la,3,126.360080
1536,1536,1536,256,12,4,p2p-i-la,4,126.360080
1536,1536,1536,256,12,4,p2p-i-la,5,126.360368
1536,1536,1536,256,12,4,p2p-i-la,6,126.360368
2048,2048,2048,256,12,4,p2p,0,84.458102
2048,2048,2048,256,12,4,bcast,0,118.423310
2048,2048,2048,256,12,4,p2p-i-la,1,157.867575
2048,2048,2048,256,12,4,p2p-i-la,2,158.460357
2048,2048,2048,256,12,4,p2p-i-la,3,158.115137
2048,2048,2048,256,12,4,p2p-i-la,4,158.305419
2048,2048,2048,256,12,4,p2p-i-la,5,158.498763
2048,2048,2048,256,12,4,p2p-i-la,6,159.186344
2048,2048,2048,256,12,4,p2p-i-la,7,159.186927
2048,2048,2048,256,12,4,p2p-i-la,8,159.186927
3072,3072,3072,256,12,4,p2p,0,123.393639
3072,3072,3072,256,12,4,bcast,0,186.134090
3072,3072,3072,256,12,4,p2p-i-la,1,244.565875
3072,3072,3072,256,12,4,p2p-i-la,2,248.894372
3072,3072,3072,256,12,4,p2p-i-la,3,260.710893
3072,3072,3072,256,12,4,p2p-i-la,4,264.706084
3072,3072,3072,256,12,4,p2p-i-la,5,267.758789
3072,3072,3072,256,12,4,p2p-i-la,6,266.530417
3072,3072,3072,256,12,4,p2p-i-la,7,267.747937
3072,3072,3072,256,12,4,p2p-i-la,8,267.760539
3072,3072,3072,256,12,4,p2p-i-la,9,267.760502
3072,3072,3072,256,12,4,p2p-i-la,10,267.760484
3072,3072,3072,256,12,4,p2p-i-la,11,267.760576
3072,3072,3072,256,12,4,p2p-i-la,12,267.760576
256,256,256,256,12,5,p2p,0,3.463751
256,256,256,256,12,5,bcast,0,4.528049
256,256,256,256,12,5,p2p-i-la,1,14.310841
512,512,512,256,12,5,p2p,0,11.313444
512,512,512,256,12,5,bcast,0,18.731128
512,512,512,256,12,5,p2p-i-la,1,31.837860
512,512,512,256,12,5,p2p-i-la,2,31.837860
1024,1024,1024,256,12,5,p2p,0,36.989191
1024,1024,1024,256,12,5,bcast,0,54.467293
1024,1024,1024,256,12,5,p2p-i-la,1,73.968942
1024,1024,1024,256,12,5,p2p-i-la,2,73.968985
1024,1024,1024,256,12,5,p2p-i-la,3,73.968904
1024,1024,1024,256,12,5,p2p-i-la,4,73.968904
1536,1536,1536,256,12,5,p2p,0,50.765949
1536,1536,1536,256,12,5,bcast,0,83.070311
1536,1536,1536,256,12,5,p2p-i-la,1,112.575880
1536,1536,1536,256,12,5,p2p-i-la,2,113.359338
1536,1536,1536,256,12,5,p2p-i-la,3,113.400621
1536,1536,1536,256,12,5,p2p-i-la,4,113.436550
1536,1536,1536,256,12,5,p2p-i-la,5,113.401322
1536,1536,1536,256,12,5,p2p-i-la,6,113.401322
2048,2048,2048,256,12,5,p2p,0,81.307960
2048,2048,2048,256,12,5,bcast,0,120.152124
2048,2048,2048,256,12,5,p2p-i-la,1,152.087922
2048,2048,2048,256,12,5,p2p-i-la,2,156.439597
2048,2048,2048,256,12,5,p2p-i-la,3,156.870516
2048,2048,2048,256,12,5,p2p-i-la,4,156.864305
2048,2048,2048,256,12,5,p2p-i-la,5,154.982107
2048,2048,2048,256,12,5,p2p-i-la,6,157.169939
2048,2048,2048,256,12,5,p2p-i-la,7,157.140763
2048,2048,2048,256,12,5,p2p-i-la,8,157.140763
3072,3072,3072,256,12,5,p2p,0,119.258786
3072,3072,3072,256,12,5,bcast,0,185.759814
3072,3072,3072,256,12,5,p2p-i-la,1,238.466177
3072,3072,3072,256,12,5,p2p-i-la,2,242.029627
3072,3072,3072,256,12,5,p2p-i-la,3,243.018283
3072,3072,3072,256,12,5,p2p-i-la,4,243.297812
3072,3072,3072,256,12,5,p2p-i-la,5,243.299683
3072,3072,3072,256,12,5,p2p-i-la,6,243.130391
3072,3072,3072,256,12,5,p2p-i-la,7,242.714866
3072,3072,3072,256,12,5,p2p-i-la,8,242.861356
3072,3072,3072,256,12,5,p2p-i-la,9,243.299272
3072,3072,3072,256,12,5,p2p-i-la,10,242.980891
3072,3072,3072,256,12,5,p2p-i-la,11,243.299744
3072,3072,3072,256,12,5,p2p-i-la,12,243.299744
256,256,256,256,12,6,p2p,0,3.224161
256,256,256,256,12,6,bcast,0,4.537780
256,256,256,256,12,6,p2p-i-la,1,14.310841
512,512,512,256,12,6,p2p,0,10.840569
512,512,512,256,12,6,bcast,0,17.312773
512,512,512,256,12,6,p2p-i-la,1,34.640343
512,512,512,256,12,6,p2p-i-la,2,34.640343
1024,1024,1024,256,12,6,p2p,0,36.413733
1024,1024,1024,256,12,6,bcast,0,50.422771
1024,1024,1024,256,12,6,p2p-i-la,1,74.474727
1024,1024,1024,256,12,6,p2p-i-la,2,72.571834
1024,1024,1024,256,12,6,p2p-i-la,3,74.466983
1024,1024,1024,256,12,6,p2p-i-la,4,74.466983
1536,1536,1536,256,12,6,p2p,0,70.957578
1536,1536,1536,256,12,6,bcast,0,89.332198
1536,1536,1536,256,12,6,p2p-i-la,1,119.306951
1536,1536,1536,256,12,6,p2p-i-la,2,120.071131
1536,1536,1536,256,12,6,p2p-i-la,3,119.984257
1536,1536,1536,256,12,6,p2p-i-la,4,115.530071
1536,1536,1536,256,12,6,p2p-i-la,5,120.253151
1536,1536,1536,256,12,6,p2p-i-la,6,120.253151
2048,2048,2048,256,12,6,p2p,0,78.338006
2048,2048,2048,256,12,6,bcast,0,114.412059
2048,2048,2048,256,12,6,p2p-i-la,1,156.360195
2048,2048,2048,256,12,6,p2p-i-la,2,162.407409
2048,2048,2048,256,12,6,p2p-i-la,3,163.788780
2048,2048,2048,256,12,6,p2p-i-la,4,163.549545
2048,2048,2048,256,12,6,p2p-i-la,5,161.175673
2048,2048,2048,256,12,6,p2p-i-la,6,161.584808
2048,2048,2048,256,12,6,p2p-i-la,7,164.424044
2048,2048,2048,256,12,6,p2p-i-la,8,164.424044
3072,3072,3072,256,12,6,p2p,0,144.771712
3072,3072,3072,256,12,6,bcast,0,197.031780
3072,3072,3072,256,12,6,p2p-i-la,1,239.201259
3072,3072,3072,256,12,6,p2p-i-la,2,246.675855
3072,3072,3072,256,12,6,p2p-i-la,3,252.657246
3072,3072,3072,256,12,6,p2p-i-la,4,252.728434
3072,3072,3072,256,12,6,p2p-i-la,5,252.722639
3072,3072,3072,256,12,6,p2p-i-la,6,253.380646
3072,3072,3072,256,12,6,p2p-i-la,7,252.949932
3072,3072,3072,256,12,6,p2p-i-la,8,252.961377
3072,3072,3072,256,12,6,p2p-i-la,9,251.382586
3072,3072,3072,256,12,6,p2p-i-la,10,252.877666
3072,3072,3072,256,12,6,p2p-i-la,11,253.133591
3072,3072,3072,256,12,6,p2p-i-la,12,253.133591
256,256,256,256,12,12,p2p,0,2.223246
256,256,256,256,12,12,bcast,0,3.682590
256,256,256,256,12,12,p2p-i-la,1,11.755813
512,512,512,256,12,12,p2p,0,6.969079
512,512,512,256,12,12,bcast,0,13.415763
512,512,512,256,12,12,p2p-i-la,1,23.309779
512,512,512,256,12,12,p2p-i-la,2,23.309779
1024,1024,1024,256,12,12,p2p,0,23.981599
1024,1024,1024,256,12,12,bcast,0,40.658459
1024,1024,1024,256,12,12,p2p-i-la,1,54.440663
1024,1024,1024,256,12,12,p2p-i-la,2,54.900114
1024,1024,1024,256,12,12,p2p-i-la,3,54.840183
1024,1024,1024,256,12,12,p2p-i-la,4,54.840183
1536,1536,1536,256,12,12,p2p,0,49.762519
1536,1536,1536,256,12,12,bcast,0,72.268876
1536,1536,1536,256,12,12,p2p-i-la,1,89.888902
1536,1536,1536,256,12,12,p2p-i-la,2,90.741158
1536,1536,1536,256,12,12,p2p-i-la,3,90.757955
1536,1536,1536,256,12,12,p2p-i-la,4,87.536435
1536,1536,1536,256,12,12,p2p-i-la,5,90.706239
1536,1536,1536,256,12,12,p2p-i-la,6,90.706239
2048,2048,2048,256,12,12,p2p,0,84.115731
2048,2048,2048,256,12,12,bcast,0,111.576940
2048,2048,2048,256,12,12,p2p-i-la,1,124.965383
2048,2048,2048,256,12,12,p2p-i-la,2,124.970016
2048,2048,2048,256,12,12,p2p-i-la,3,124.980610
2048,2048,2048,256,12,12,p2p-i-la,4,124.980745
2048,2048,2048,256,12,12,p2p-i-la,5,124.999350
2048,2048,2048,256,12,12,p2p-i-la,6,124.999431
2048,2048,2048,256,12,12,p2p-i-la,7,124.962593
2048,2048,2048,256,12,12,p2p-i-la,8,124.962593
3072,3072,3072,256,12,12,p2p,0,147.137768
3072,3072,3072,256,12,12,bcast,0,189.765722
3072,3072,3072,256,12,12,p2p-i-la,1,202.892626
3072,3072,3072,256,12,12,p2p-i-la,2,207.567362
3072,3072,3072,256,12,12,p2p-i-la,3,207.565480
3072,3072,3072,256,12,12,p2p-i-la,4,207.580251
3072,3072,3072,256,12,12,p2p-i-la,5,207.565192
3072,3072,3072,256,12,12,p2p-i-la,6,207.565192
3072,3072,3072,256,12,12,p2p-i-la,7,207.565325
3072,3072,3072,256,12,12,p2p-i-la,8,207.565325
3072,3072,3072,256,12,12,p2p-i-la,9,207.580251
3072,3072,3072,256,12,12,p2p-i-la,10,207.580185
3072,3072,3072,256,12,12,p2p-i-la,11,207.565192
3072,3072,3072,256,12,12,p2p-i-la,12,207.565192
256,256,256,256,12,16,p2p,0,1.827663
256,256,256,256,12,16,bcast,0,3.194274
256,256,256,256,12,16,p2p-i-la,1,8.333684
512,512,512,256,12,16,p2p,0,5.758381
512,512,512,256,12,16,bcast,0,12.063165
512,512,512,256,12,16,p2p-i-la,1,20.054414
512,512,512,256,12,16,p2p-i-la,2,20.054414
1024,1024,1024,256,12,16,p2p,0,19.079024
1024,1024,1024,256,12,16,bcast,0,39.002369
1024,1024,1024,256,12,16,p2p-i-la,1,45.598644
1024,1024,1024,256,12,16,p2p-i-la,2,45.598168
1024,1024,1024,256,12,16,p2p-i-la,3,45.576134
1024,1024,1024,256,12,16,p2p-i-la,4,45.576134
1536,1536,1536,256,12,16,p2p,0,41.531297
1536,1536,1536,256,12,16,bcast,0,69.674499
1536,1536,1536,256,12,16,p2p-i-la,1,86.953634
1536,1536,1536,256,12,16,p2p-i-la,2,87.167983
1536,1536,1536,256,12,16,p2p-i-la,3,87.165671
1536,1536,1536,256,12,16,p2p-i-la,4,87.165585
1536,1536,1536,256,12,16,p2p-i-la,5,87.144135
1536,1536,1536,256,12,16,p2p-i-la,6,87.144135
2048,2048,2048,256,12,16,p2p,0,72.409672
2048,2048,2048,256,12,16,bcast,0,103.275712
2048,2048,2048,256,12,16,p2p-i-la,1,124.300560
2048,2048,2048,256,12,16,p2p-i-la,2,127.882120
2048,2048,2048,256,12,16,p2p-i-la,3,134.133961
2048,2048,2048,256,12,16,p2p-i-la,4,134.142966
2048,2048,2048,256,12,16,p2p-i-la,5,133.425519
2048,2048,2048,256,12,16,p2p-i-la,6,135.083362
2048,2048,2048,256,12,16,p2p-i-la,7,135.082824
2048,2048,2048,256,12,16,p2p-i-la,8,135.082824
3072,3072,3072,256,12,16,p2p,0,142.032912
3072,3072,3072,256,12,16,bcast,0,180.587746
3072,3072,3072,256,12,16,p2p-i-la,1,206.371971
3072,3072,3072,256,12,16,p2p-i-la,2,223.595096
3072,3072,3072,256,12,16,p2p-i-la,3,228.802529
3072,3072,3072,256,12,16,p2p-i-la,4,232.782666
3072,3072,3072,256,12,16,p2p-i-la,5,234.332835
3072,3072,3072,256,12,16,p2p-i-la,6,232.643211
3072,3072,3072,256,12,16,p2p-i-la,7,230.507834
3072,3072,3072,256,12,16,p2p-i-la,8,230.531350
3072,3072,3072,256,12,16,p2p-i-la,9,233.359306
3072,3072,3072,256,12,16,p2p-i-la,10,233.432355
3072,3072,3072,256,12,16,p2p-i-la,11,231.500232
3072,3072,3072,256,12,16,p2p-i-la,12,231.500232
256,256,256,256,16,1,p2p,0,4.175092
256,256,256,256,16,1,bcast,0,6.659670
256,256,256,256,16,1,p2p-i-la,1,16.053900
512,512,512,256,16,1,p2p,0,8.429460
512,512,512,256,16,1,bcast,0,17.982588
512,512,512,256,16,1,p2p-i-la,1,34.823495
512,512,512,256,16,1,p2p-i-la,2,34.823495
1024,1024,1024,256,16,1,p2p,0,16.432593
1024,1024,1024,256,16,1,bcast,0,35.622544
1024,1024,1024,256,16,1,p2p-i-la,1,71.198750
1024,1024,1024,256,16,1,p2p-i-la,2,69.909392
1024,1024,1024,256,16,1,p2p-i-la,3,71.151418
1024,1024,1024,256,16,1,p2p-i-la,4,71.151418
1536,1536,1536,256,16,1,p2p,0,23.853961
1536,1536,1536,256,16,1,bcast,0,54.884105
1536,1536,1536,256,16,1,p2p-i-la,1,101.441172
1536,1536,1536,256,16,1,p2p-i-la,2,107.155861
1536,1536,1536,256,16,1,p2p-i-la,3,106.571478
1536,1536,1536,256,16,1,p2p-i-la,4,107.155755
1536,1536,1536,256,16,1,p2p-i-la,5,107.155909
1536,1536,1536,256,16,1,p2p-i-la,6,107.155909
2048,2048,2048,256,16,1,p2p,0,30.828440
2048,2048,2048,256,16,1,bcast,0,73.795085
2048,2048,2048,256,16,1,p2p-i-la,1,130.665450
2048,2048,2048,256,16,1,p2p-i-la,2,141.866960
2048,2048,2048,256,16,1,p2p-i-la,3,142.044963
2048,2048,2048,256,16,1,p2p-i-la,4,142.505429
2048,2048,2048,256,16,1,p2p-i-la,5,143.099566
2048,2048,2048,256,16,1,p2p-i-la,6,143.099548
2048,2048,2048,256,16,1,p2p-i-la,7,143.075610
2048,2048,2048,256,16,1,p2p-i-la,8,143.075610
3072,3072,3072,256,16,1,p2p,0,43.283122
3072,3072,3072,256,16,1,bcast,0,110.029425
3072,3072,3072,256,16,1,p2p-i-la,1,173.717918
3072,3072,3072,256,16,1,p2p-i-la,2,207.594848
3072,3072,3072,256,16,1,p2p-i-la,3,212.983823
3072,3072,3072,256,16,1,p2p-i-la,4,214.253240
3072,3072,3072,256,16,1,p2p-i-la,5,214.829477
3072,3072,3072,256,16,1,p2p-i-la,6,214.783657
3072,3072,3072,256,16,1,p2p-i-la,7,214.771328
3072,3072,3072,256,16,1,p2p-i-la,8,214.829477
3072,3072,3072,256,16,1,p2p-i-la,9,214.080620
3072,3072,3072,256,16,1,p2p-i-la,10,214.829430
3072,3072,3072,256,16,1,p2p-i-la,11,214.829525
3072,3072,3072,256,16,1,p2p-i-la,12,214.829525
256,256,256,256,16,2,p2p,0,3.463402
256,256,256,256,16,2,bcast,0,5.309492
256,256,256,256,16,2,p2p-i-la,1,16.053265
512,512,512,256,16,2,p2p,0,11.664825
512,512,512,256,16,2,bcast,0,19.426148
512,512,512,256,16,2,p2p-i-la,1,34.822075
512,512,512,256,16,2,p2p-i-la,2,34.822075
1024,1024,1024,256,16,2,p2p,0,22.945620
1024,1024,1024,256,16,2,bcast,0,42.394944
1024,1024,1024,256,16,2,p2p-i-la,1,66.029308
1024,1024,1024,256,16,2,p2p-i-la,2,66.219554
1024,1024,1024,256,16,2,p2p-i-la,3,66.951994
1024,1024,1024,256,16,2,p2p-i-la,4,66.951994
1536,1536,1536,256,16,2,p2p,0,33.672668
1536,1536,1536,256,16,2,bcast,0,67.172529
1536,1536,1536,256,16,2,p2p-i-la,1,98.597439
1536,1536,1536,256,16,2,p2p-i-la,2,98.910065
1536,1536,1536,256,16,2,p2p-i-la,3,98.910105
1536,1536,1536,256,16,2,p2p-i-la,4,98.592353
1536,1536,1536,256,16,2,p2p-i-la,5,98.910085
1536,1536,1536,256,16,2,p2p-i-la,6,98.910085
2048,2048,2048,256,16,2,p2p,0,44.102673
2048,2048,2048,256,16,2,bcast,0,89.609976
2048,2048,2048,256,16,2,p2p-i-la,1,131.881498
2048,2048,2048,256,16,2,p2p-i-la,2,133.194996
2048,2048,2048,256,16,2,p2p-i-la,3,133.815307
2048,2048,2048,256,16,2,p2p-i-la,4,133.692039
2048,2048,2048,256,16,2,p2p-i-la,5,133.692085
2048,2048,2048,256,16,2,p2p-i-la,6,130.907757
2048,2048,2048,256,16,2,p2p-i-la,7,134.652296
2048,2048,2048,256,16,2,p2p-i-la,8,134.652296
3072,3072,3072,256,16,2,p2p,0,63.052644
3072,3072,3072,256,16,2,bcast,0,133.439211
3072,3072,3072,256,16,2,p2p-i-la,1,189.719164
3072,3072,3072,256,16,2,p2p-i-la,2,196.227836
3072,3072,3072,256,16,2,p2p-i-la,3,201.977553
3072,3072,3072,256,16,2,p2p-i-la,4,202.187643
3072,3072,3072,256,16,2,p2p-i-la,5,202.187685
3072,3072,3072,256,16,2,p2p-i-la,6,202.187685
3072,3072,3072,256,16,2,p2p-i-la,7,202.187706
3072,3072,3072,256,16,2,p2p-i-la,8,202.187727
3072,3072,3072,256,16,2,p2p-i-la,9,202.187706
3072,3072,3072,256,16,2,p2p-i-la,10,199.559109
3072,3072,3072,256,16,2,p2p-i-la,11,202.187685
3072,3072,3072,256,16,2,p2p-i-la,12,202.187685
256,256,256,256,16,4,p2p,0,2.734120
256,256,256,256,16,4,bcast,0,4.640940
256,256,256,256,16,4,p2p-i-la,1,13.011642
512,512,512,256,16,4,p2p,0,9.589017
512,512,512,256,16,4,bcast,0,16.977786
512,512,512,256,16,4,p2p-i-la,1,27.956541
512,512,512,256,16,4,p2p-i-la,2,27.956541
1024,1024,1024,256,16,4,p2p,0,30.241243
1024,1024,1024,256,16,4,bcast,0,47.367946
1024,1024,1024,256,16,4,p2p-i-la,1,59.665317
1024,1024,1024,256,16,4,p2p-i-la,2,59.950102
1024,1024,1024,256,16,4,p2p-i-la,3,59.916983
1024,1024,1024,256,16,4,p2p-i-la,4,59.916983
1536,1536,1536,256,16,4,p2p,0,39.315872
1536,1536,1536,256,16,4,bcast,0,72.501669
1536,1536,1536,256,16,4,p2p-i-la,1,92.385698
1536,1536,1536,256,16,4,p2p-i-la,2,92.390673
1536,1536,1536,256,16,4,p2p-i-la,3,92.390357
1536,1536,1536,256,16,4,p2p-i-la,4,92.390357
1536,1536,1536,256,16,4,p2p-i-la,5,92.390805
1536,1536,1536,256,16,4,p2p-i-la,6,92.390805
2048,2048,2048,256,16,4,p2p,0,62.886845
2048,2048,2048,256,16,4,bcast,0,101.861255
2048,2048,2048,256,16,4,p2p-i-la,1,123.464844
2048,2048,2048,256,16,4,p2p-i-la,2,124.832837
2048,2048,2048,256,16,4,p2p-i-la,3,124.765657
2048,2048,2048,256,16,4,p2p-i-la,4,124.898561
2048,2048,2048,256,16,4,p2p-i-la,5,125.017526
2048,2048,2048,256,16,4,p2p-i-la,6,125.444936
2048,2048,2048,256,16,4,p2p-i-la,7,125.426840
2048,2048,2048,256,16,4,p2p-i-la,8,125.426840
3072,3072,3072,256,16,4,p2p,0,92.223761
3072,3072,3072,256,16,4,bcast,0,155.617886
3072,3072,3072,256,16,4,p2p-i-la,1,185.577452
3072,3072,3072,256,16,4,p2p-i-la,2,185.248014
3072,3072,3072,256,16,4,p2p-i-la,3,192.732963
3072,3072,3072,256,16,4,p2p-i-la,4,192.608902
3072,3072,3072,256,16,4,p2p-i-la,5,192.733517
3072,3072,3072,256,16,4,p2p-i-la,6,192.734032
3072,3072,3072,256,16,4,p2p-i-la,7,192.734051
3072,3072,3072,256,16,4,p2p-i-la,8,192.733880
3072,3072,3072,256,16,4,p2p-i-la,9,192.733880
3072,3072,3072,256,16,4,p2p-i-la,10,192.733880
3072,3072,3072,256,16,4,p2p-i-la,11,192.734090
3072,3072,3072,256,16,4,p2p-i-la,12,192.734090
256,256,256,256,16,5,p2p,0,2.518743
256,256,256,256,16,5,bcast,0,3.770959
256,256,256,256,16,5,p2p-i-la,1,10.939019
512,512,512,256,16,5,p2p,0,8.416419
512,512,512,256,16,5,bcast,0,15.761716
512,512,512,256,16,5,p2p-i-la,1,24.871866
512,512,512,256,16,5,p2p-i-la,2,24.871866
1024,1024,1024,256,16,5,p2p,0,28.095691
1024,1024,1024,256,16,5,bcast,0,46.234073
1024,1024,1024,256,16,5,p2p-i-la,1,59.876797
1024,1024,1024,256,16,5,p2p-i-la,2,60.344153
1024,1024,1024,256,16,5,p2p-i-la,3,60.310320
1024,1024,1024,256,16,5,p2p-i-la,4,60.310320
1536,1536,1536,256,16,5,p2p,0,36.667079
1536,1536,1536,256,16,5,bcast,0,69.086682
1536,1536,1536,256,16,5,p2p-i-la,1,89.195972
1536,1536,1536,256,16,5,p2p-i-la,2,89.689442
1536,1536,1536,256,16,5,p2p-i-la,3,89.713024
1536,1536,1536,256,16,5,p2p-i-la,4,89.713090
1536,1536,1536,256,16,5,p2p-i-la,5,89.713372
1536,1536,1536,256,16,5,p2p-i-la,6,89.713372
2048,2048,2048,256,16,5,p2p,0,59.992271
2048,2048,2048,256,16,5,bcast,0,102.268602
2048,2048,2048,256,16,5,p2p-i-la,1,122.699703
2048,2048,2048,256,16,5,p2p-i-la,2,126.271163
2048,2048,2048,256,16,5,p2p-i-la,3,126.549500
2048,2048,2048,256,16,5,p2p-i-la,4,126.546431
2048,2048,2048,256,16,5,p2p-i-la,5,125.194606
2048,2048,2048,256,16,5,p2p-i-la,6,126.763555
2048,2048,2048,256,16,5,p2p-i-la,7,126.726032
2048,2048,2048,256,16,5,p2p-i-la,8,126.726032
3072,3072,3072,256,16,5,p2p,0,88.811956
3072,3072,3072,256,16,5,bcast,0,156.896437
3072,3072,3072,256,16,5,p2p-i-la,1,187.615078
3072,3072,3072,256,16,5,p2p-i-la,2,189.724159
3072,3072,3072,256,16,5,p2p-i-la,3,190.340173
3072,3072,3072,256,16,5,p2p-i-la,4,190.509986
3072,3072,3072,256,16,5,p2p-i-la,5,190.510229
3072,3072,3072,256,16,5,p2p-i-la,6,190.410160
3072,3072,3072,256,16,5,p2p-i-la,7,190.152913
3072,3072,3072,256,16,5,p2p-i-la,8,190.242237
3072,3072,3072,256,16,5,p2p-i-la,9,190.522579
3072,3072,3072,256,16,5,p2p-i-la,10,190.522635
3072,3072,3072,256,16,5,p2p-i-la,11,190.510285
3072,3072,3072,256,16,5,p2p-i-la,12,190.510285
256,256,256,256,16,6,p2p,0,2.373280
256,256,256,256,16,6,bcast,0,3.892176
256,256,256,256,16,6,p2p-i-la,1,11.841870
512,512,512,256,16,6,p2p,0,8.270058
512,512,512,256,16,6,bcast,0,15.085446
512,512,512,256,16,6,p2p-i-la,1,29.323433
512,512,512,256,16,6,p2p-i-la,2,29.323433
1024,1024,1024,256,16,6,p2p,0,27.472102
1024,1024,1024,256,16,6,bcast,0,45.138478
1024,1024,1024,256,16,6,p2p-i-la,1,60.680660
1024,1024,1024,256,16,6,p2p-i-la,2,60.221439
1024,1024,1024,256,16,6,p2p-i-la,3,60.675372
1024,1024,1024,256,16,6,p2p-i-la,4,60.675372
1536,1536,1536,256,16,6,p2p,0,53.535524
1536,1536,1536,256,16,6,bcast,0,77.507879
1536,1536,1536,256,16,6,p2p-i-la,1,96.957956
1536,1536,1536,256,16,6,p2p-i-la,2,97.561588
1536,1536,1536,256,16,6,p2p-i-la,3,95.912628
1536,1536,1536,256,16,6,p2p-i-la,4,91.507172
1536,1536,1536,256,16,6,p2p-i-la,5,97.608724
1536,1536,1536,256,16,6,p2p-i-la,6,97.608724
2048,2048,2048,256,16,6,p2p,0,57.605987
2048,2048,2048,256,16,6,bcast,0,99.908785
2048,2048,2048,256,16,6,p2p-i-la,1,128.853534
2048,2048,2048,256,16,6,p2p-i-la,2,131.685328
2048,2048,2048,256,16,6,p2p-i-la,3,131.709969
2048,2048,2048,256,16,6,p2p-i-la,4,131.691961
2048,2048,2048,256,16,6,p2p-i-la,5,131.299428
2048,2048,2048,256,16,6,p2p-i-la,6,131.715115
2048,2048,2048,256,16,6,p2p-i-la,7,131.710406
2048,2048,2048,256,16,6,p2p-i-la,8,131.710406
3072,3072,3072,256,16,6,p2p,0,111.754651
3072,3072,3072,256,16,6,bcast,0,168.526356
3072,3072,3072,256,16,6,p2p-i-la,1,184.588325
3072,3072,3072,256,16,6,p2p-i-la,2,194.075168
3072,3072,3072,256,16,6,p2p-i-la,3,201.518220
3072,3072,3072,256,16,6,p2p-i-la,4,201.422375
3072,3072,3072,256,16,6,p2p-i-la,5,202.024575
3072,3072,3072,256,16,6,p2p-i-la,6,202.537528
3072,3072,3072,256,16,6,p2p-i-la,7,202.425314
3072,3072,3072,256,16,6,p2p-i-la,8,202.493892
3072,3072,3072,256,16,6,p2p-i-la,9,200.115493
3072,3072,3072,256,16,6,p2p-i-la,10,202.306114
3072,3072,3072,256,16,6,p2p-i-la,11,202.376316
3072,3072,3072,256,16,6,p2p-i-la,12,202.376316
256,256,256,256,16,12,p2p,0,1.739410
256,256,256,256,16,12,bcast,0,3.169311
256,256,256,256,16,12,p2p-i-la,1,8.848126
512,512,512,256,16,12,p2p,0,5.561868
512,512,512,256,16,12,bcast,0,12.075237
512,512,512,256,16,12,p2p-i-la,1,18.736707
512,512,512,256,16,12,p2p-i-la,2,18.736707
1024,1024,1024,256,16,12,p2p,0,19.175614
1024,1024,1024,256,16,12,bcast,0,38.019937
1024,1024,1024,256,16,12,p2p-i-la,1,45.834020
1024,1024,1024,256,16,12,p2p-i-la,2,46.074155
1024,1024,1024,256,16,12,p2p-i-la,3,46.033481
1024,1024,1024,256,16,12,p2p-i-la,4,46.033481
1536,1536,1536,256,16,12,p2p,0,39.969279
1536,1536,1536,256,16,12,bcast,0,66.230655
1536,1536,1536,256,16,12,p2p-i-la,1,72.813550
1536,1536,1536,256,16,12,p2p-i-la,2,73.157399
1536,1536,1536,256,16,12,p2p-i-la,3,73.121287
1536,1536,1536,256,16,12,p2p-i-la,4,70.726058
1536,1536,1536,256,16,12,p2p-i-la,5,73.157889
1536,1536,1536,256,16,12,p2p-i-la,6,73.157889
2048,2048,2048,256,16,12,p2p,0,65.871676
2048,2048,2048,256,16,12,bcast,0,97.113225
2048,2048,2048,256,16,12,p2p-i-la,1,103.762591
2048,2048,2048,256,16,12,p2p-i-la,2,103.765747
2048,2048,2048,256,16,12,p2p-i-la,3,103.772930
2048,2048,2048,256,16,12,p2p-i-la,4,103.773023
2048,2048,2048,256,16,12,p2p-i-la,5,103.786008
2048,2048,2048,256,16,12,p2p-i-la,6,103.786064
2048,2048,2048,256,16,12,p2p-i-la,7,103.760452
2048,2048,2048,256,16,12,p2p-i-la,8,103.760452
3072,3072,3072,256,16,12,p2p,0,122.314934
3072,3072,3072,256,16,12,bcast,0,165.099226
3072,3072,3072,256,16,12,p2p-i-la,1,162.235418
3072,3072,3072,256,16,12,p2p-i-la,2,169.332099
3072,3072,3072,256,16,12,p2p-i-la,3,170.665507
3072,3072,3072,256,16,12,p2p-i-la,4,170.665477
3072,3072,3072,256,16,12,p2p-i-la,5,170.665402
3072,3072,3072,256,16,12,p2p-i-la,6,170.665402
3072,3072,3072,256,16,12,p2p-i-la,7,170.665507
3072,3072,3072,256,16,12,p2p-i-la,8,170.665507
3072,3072,3072,256,16,12,p2p-i-la,9,170.665477
3072,3072,3072,256,16,12,p2p-i-la,10,170.675553
3072,3072,3072,256,16,12,p2p-i-la,11,170.665507
3072,3072,3072,256,16,12,p2p-i-la,12,170.665507
256,256,256,256,16,16,p2p,0,1.486358
256,256,256,256,16,16,bcast,0,2.846205
256,256,256,256,16,16,p2p-i-la,1,8.333616
512,512,512,256,16,16,p2p,0,4.676824
512,512,512,256,16,16,bcast,0,11.391933
512,512,512,256,16,16,p2p-i-la,1,17.569433
512,512,512,256,16,16,p2p-i-la,2,17.569433
1024,1024,1024,256,16,16,p2p,0,15.914129
1024,1024,1024,256,16,16,bcast,0,35.783386
1024,1024,1024,256,16,16,p2p-i-la,1,39.340833
1024,1024,1024,256,16,16,p2p-i-la,2,39.340572
1024,1024,1024,256,16,16,p2p-i-la,3,39.324073
1024,1024,1024,256,16,16,p2p-i-la,4,39.324073
1536,1536,1536,256,16,16,p2p,0,34.016982
1536,1536,1536,256,16,16,bcast,0,63.560215
1536,1536,1536,256,16,16,p2p-i-la,1,73.737956
1536,1536,1536,256,16,16,p2p-i-la,2,73.843670
1536,1536,1536,256,16,16,p2p-i-la,3,73.844926
1536,1536,1536,256,16,16,p2p-i-la,4,73.857529
1536,1536,1536,256,16,16,p2p-i-la,5,73.841686
1536,1536,1536,256,16,16,p2p-i-la,6,73.841686
2048,2048,2048,256,16,16,p2p,0,59.687167
2048,2048,2048,256,16,16,bcast,0,90.688761
2048,2048,2048,256,16,16,p2p-i-la,1,108.160177
2048,2048,2048,256,16,16,p2p-i-la,2,108.834150
2048,2048,2048,256,16,16,p2p-i-la,3,109.546804
2048,2048,2048,256,16,16,p2p-i-la,4,109.664247
2048,2048,2048,256,16,16,p2p-i-la,5,109.828041
2048,2048,2048,256,16,16,p2p-i-la,6,109.992440
2048,2048,2048,256,16,16,p2p-i-la,7,109.993027
2048,2048,2048,256,16,16,p2p-i-la,8,109.993027
3072,3072,3072,256,16,16,p2p,0,119.065231
3072,3072,3072,256,16,16,bcast,0,148.957133
3072,3072,3072,256,16,16,p2p-i-la,1,161.288240
3072,3072,3072,256,16,16,p2p-i-la,2,173.824313
3072,3072,3072,256,16,16,p2p-i-la,3,178.286373
3072,3072,3072,256,16,16,p2p-i-la,4,178.238598
3072,3072,3072,256,16,16,p2p-i-la,5,178.291454
3072,3072,3072,256,16,16,p2p-i-la,6,178.291471
3072,3072,3072,256,16,16,p2p-i-la,7,178.291487
3072,3072,3072,256,16,16,p2p-i-la,8,178.291471
3072,3072,3072,256,16,16,p2p-i-la,9,178.291144
3072,3072,3072,256,16,16,p2p-i-la,10,178.291226
3072,3072,3072,256,16,16,p2p-i-la,11,178.290964
3072,3072,3072,256,16,16,p2p-i-la,12,178.290964
